address,city,county,state,latitude,longitude,stateFIPS,GEOID
"1511 Starling Drive, Richmond, VA 23229",Henrico,Henrico County,VA,37.605212,-77.568371,51,51087
"16601 NE 19th Ave, North Miami Beach, FL 33162",North Miami Beach,Miami-Dade County,FL,25.92888,-80.161737,12,12086
"375 E. 49th St. Suite #2, Hialeah, FL 33013",Hialeah,Miami-Dade County,FL,25.86745,-80.275236,12,12086
"1919 Gillespie St., Fayetteville, NC 28306",Fayetteville,Cumberland County,NC,35.023514,-78.894037,37,37051
"491 N Cleveland Ave., Winston-Salem, NC 27101",Winston Salem,Forsyth County,NC,36.099944,-80.230875,37,37067
"952 East 25th Street, Hialeah, FL 33013",Hialeah,Miami-Dade County,FL,25.845124,-80.263082,12,12086
"531 Forest Parkway, Suite 100, Forest Park, GA 30297",Forest Park,Clayton County,GA,33.621347,-84.371938,13,13063
"2903 Professional Parkway, Augusta, GA 30907",Augusta,Richmond County,GA,33.499676,-82.080672,13,13245
"3220 Latrobe Dr., Charlotte, NC 28211",Charlotte,Mecklenburg County,NC,35.198976,-80.803625,37,37119
"1604 Jones Franklin Rd., Raleigh, NC 27606",Raleigh,Wake County,NC,35.759474,-78.729053,37,37183
"891 Norfolk Square, Norfolk, VA 23502",Norfolk,Norfolk city,VA,36.853032,-76.232807,51,51710
"68 N. East 167th Street, North Miami, FL 33162",Miami,Miami-Dade County,FL,25.927838,-80.199205,12,12086
"3829 Hollywood Blvd., Suite C, Hollywood, FL 33021",Hollywood,Broward County,FL,26.011657,-80.18243,12,12011
"18400 NW 75th Place #118, Hialeah, FL 33015",Hialeah,Miami-Dade County,FL,25.941124,-80.323669,12,12086
"421 North Wendover Road, Charlotte, NC 28211",Charlotte,Mecklenburg County,NC,35.189599,-80.805828,37,37119
"4131 University Blvd S., Building #2, Jacksonville, FL 32216",Jacksonville,Duval County,FL,30.282132,-81.60155,12,12031
"1933 West 60th Street, Hialeah, FL 33012",Hialeah,Miami-Dade County,FL,25.877446,-80.32157,12,12086
"503 South 12th Street, Ft. Pierce, FL 34950",Fort Pierce,St. Lucie County,FL,27.443117,-80.335274,12,12111
"2425 Randleman Road, Greensboro, NC 27406",Greensboro,Guilford County,NC,36.036509,-79.799126,37,37081
"3305 Drake Circle, Raleigh, NC, 27607",Raleigh,Wake County,NC,35.814447,-78.694195,37,37183
"1125 E 17th St, Suite East-108, Santa Ana, CA 92701",Santa Ana,Orange County,CA,33.761496,-117.854833,6,6059
"7908 W. Sahara Ave., Las Vegas, NV 89117",Las Vegas,Clark County,NV,36.144795,-115.263645,32,32003
"1670 East Flamingo Road, Suite C, Las Vegas, NV 89119",Las Vegas,Clark County,NV,36.115521,-115.13066,32,32003
"2505 N. Shepherd Dr. St. 201, Houston, TX 77008",Houston,Harris County,TX,29.809083,-95.410493,48,48201
"10 Southwest 44th Avenue, Plantation, FL 33317",Plantation,Broward County,FL,26.120624,-80.20652,12,12011
"516 Easton Ave, Somerset, NJ 08873",Somerset,Somerset County,NJ,40.50513,-74.468118,34,34035
"800 2nd Avenue, 6th Floor, New York, NY 10017",New York,New York County,NY,40.750103,-73.97177,36,36061
"2453 Wilcox Drive, Norman, OK 73069",Norman,Cleveland County,OK,35.206215,-97.478553,40,40027
"10401 Old Georgetown Road, Suite 104, Bethesda, MD 20814",Bethesda,Montgomery County,MD,39.026461,-77.125281,24,24031
"1615 East Osborn Road, Phoenix, AZ 85016",Phoenix,Maricopa County,AZ,33.487187,-112.046861,4,4013
"2742 S.W. 8th Street Suite #20, Miami, FL 33135",Miami,Miami-Dade County,FL,25.764723,-80.239569,12,12086
"1428 N. Farwell Avenue, Milwaukee, WI 53202",Milwaukee,Milwaukee County,WI,43.048446,-87.896193,55,55079
"1011 Monticello Court, Montgomery, AL 36117",Montgomery,Montgomery County,AL,32.366339,-86.203068,1,1101
"7402 John Smith Dr, #101, San Antonio, TX 78229",San Antonio,Bexar County,TX,29.50715,-98.584767,48,48029
"5999 Stevenson Ave. Suite 403, Alexandria, VA 22304",Alexandria,Alexandria city,VA,38.813186,-77.136602,51,51510
"737 Spokane Avenue, Whitefish, MT 59937",Whitefish,Flathead County,MT,48.40445,-114.33497,30,30029
"401 Castle Creek Road, Aspen, CO 81611",Aspen,Pitkin County,CO,39.190477,-106.839311,8,8097
"1450 E Valley Rd, Basalt, CO 81621",Basalt,Eagle County,CO,39.374682,-107.076906,8,8037
"444 Community Drive, LL 3, Manhasset, NY 11030",Manhasset,Nassau County,NY,40.773557,-73.701995,36,36059
"9730 3rd Ave NE, Suite 200, Seattle, WA 98115",Seattle,King County,WA,47.700074,-122.325013,53,53033
"3711 Pacific Ave #200, Tacoma, WA 98418",Tacoma,Pierce County,WA,47.224265,-122.433466,53,53053
"4131 Central Avenue, St. Petersburg, FL 33713",Saint Petersburg,Pinellas County,FL,27.771236,-82.689447,12,12103
"1135 N. W. 23rd Avenue, Suite N, Gainesville, FL 32609",Gainesville,Alachua County,FL,29.673359,-82.336694,12,12001
"1545 Huffingham Road, Jacksonville, FL 32216",Jacksonville,Duval County,FL,30.293661,-81.600089,12,12031
"14498 University Cove Place, Tampa, FL 33613",Tampa,Hillsborough County,FL,28.077341,-82.425771,12,12057
"431 Maitland Avenue, Altamonte Springs, FL 32701",Altamonte Springs,Seminole County,FL,28.65592,-81.36578,12,12117
"2700 South Tamiami Trail, Suite 5, Sarasota, FL 34239",Sarasota,Sarasota County,FL,27.309391,-82.530312,12,12115
"3330 West Kennedy Blvd., Tampa, FL 33609",Tampa,Hillsborough County,FL,27.944509,-82.499073,12,12057
"3677 Central Avenue, Suite H, Ft. Myers, FL 33901",Fort Myers,Lee County,FL,26.608931,-81.863217,12,12071
"4444 S. Florida Avenue, Lakeland, FL 33813",Lakeland,Polk County,FL,27.983934,-81.956403,12,12105
"28960 U.S. Highway 19 North, Suite 110, Clearwater, FL 33761",Clearwater,Pinellas County,FL,28.0355,-82.739335,12,12103
"3140 W Irving Park, Chicago, IL 60618",Chicago,Cook County,IL,41.954154,-87.707194,17,17031
"222 Mamaroneck Avenue, White Plains, NY 10605",White Plains,Westchester County,NY,41.027033,-73.764817,36,36119
"120-34 Queens Boulevard, Suite 420, Kew Gardens, NY 11415",Kew Gardens,Queens County,NY,40.713288,-73.829163,36,36081
"1841 Broadway, Suite #1011, New York, NY 10023",New York,New York County,NY,40.769102,-73.982247,36,36061
"5910 Kirkwood St, Pittsburgh, PA 15206",Pittsburgh,Allegheny County,PA,40.462323,-79.925781,42,42003
"31 South Commerce Way, Suite 100, Bethlehem, PA 18017",Bethlehem,Northampton County,PA,40.672855,-75.375482,42,42095
"1930 Wilshire Boulevard, Suite 500, Los Angeles, CA 90057",Los Angeles,Los Angeles County,CA,34.057162,-118.274553,6,6037
"8316 Arlington Blvd, Fairfax, VA 22031",Fairfax,Fairfax County,VA,38.86661,-77.232364,51,51059
"224 Groveland Road, 2nd floor, Virginia Beach, VA 23452",Virginia Beach,Virginia Beach city,VA,36.841338,-76.085644,51,51810
"2744 N. Western Ave, Chicago, IL 60647",Chicago,Cook County,IL,41.931703,-87.688285,17,17031
"110 S. River Road (US45), Suite 7, Des Plaines, IL 60016",Des Plaines,Cook County,IL,42.051351,-87.887469,17,17031
"6005 Landover Rd, Suite #6, Cheverly, MD 20785",Cheverly,Prince George's County,MD,38.934082,-76.915563,24,24033
"700 N. Broad Street, Suite 202, Elizabeth, NJ 07208",Elizabeth,Union County,NJ,40.679695,-74.213975,34,34039
"200 Grand Avenue, Suite 101, Englewood, NJ 07631",Englewood,Bergen County,NJ,40.886785,-73.977648,34,34003
"333 Jimmie Leeds Road, Unit 5, Galloway, NJ 08205",Galloway,Atlantic County,NJ,39.464821,-74.496202,34,34001
"1345 Kuser Road, Suite 1, Hamilton, NJ 08619",Trenton,Mercer County,NJ,40.209635,-74.702855,34,34021
"157 S. Main Street, Phillipsburg, NJ 08865",Phillipsburg,Warren County,NJ,40.68887,-75.199399,34,34041
"9801 Georgia Avenue, Suite 338, Silver Spring, MD 20902",Silver Spring,Montgomery County,MD,39.016185,-77.042382,24,24031
"600 Somerdale Road, Suite 206, Voorhees, NJ 08043",Voorhees,Camden County,NJ,39.857714,-74.994052,34,34007
"228 Main Street, Woodbridge, NJ 07095",Woodbridge,Middlesex County,NJ,40.552111,-74.287126,34,34023
"149 Vestal Parkway West, Vestal, NY 13851",Vestal,Broome County,NY,42.085273,-76.056179,36,36007
"25 Highland Ave., Newburyport, MA 01950",Newburyport,Essex County,MA,42.814386,-70.89108,25,25009
"1407 North Vermont Ave, Suite A, Los Angeles, CA 90027",Los Angeles,Los Angeles County,CA,34.09718,-118.29207,6,6037
"8631 West 3rd Street, Suite 444E, Los Angeles, CA 90048",Los Angeles,Los Angeles County,CA,34.07373,-118.38036,6,6037
"1874 Piedmont Ave NE, Suite 570E, Atlanta, GA 30324",Atlanta,Fulton County,GA,33.807564,-84.366614,13,13121
"3114 Mercer University Drive, Suite 100, Atlanta, GA 30341",Atlanta,DeKalb County,GA,33.877141,-84.261435,13,13089
"235 West Wieuca Road NE, Atlanta, GA 30342",Atlanta,Fulton County,GA,33.876271,-84.378934,13,13121
"1902 S IH-35, Suite A, Austin, TX 78704",Austin,Travis County,TX,30.30886,-97.754883,48,48453
"3300 Main Street, Suite 4D, Springfield, MA 01107",Springfield,Hampden County,MA,42.122954,-72.609994,25,25013
"725 North Street, Pittsfield, MA, 01201",Pittsfield,Berkshire County,MA,42.459419,-73.249431,25,25003
"330 Brookline Avenue, Boston, MA 02215",Boston,Suffolk County,MA,42.33982,-71.10568,25,25025
"872 E. Sahara Avenue, Las Vegas, NV 89104",Las Vegas,Clark County,NV,36.145965,-115.142963,32,32003
"7360 Coral Way, Ste. 16, Miami, FL 33155",Miami,Miami-Dade County,FL,25.748034,-80.314854,12,12086
"610 N. California Street, Missoula, MT 59802",Missoula,Missoula County,MT,46.877261,-114.013119,30,30063
"One Boston Medical Center Place, Boston, MA 02118",Boston,Suffolk County,MA,42.336162,-71.072854,25,25025
"1130 Alpine Avenue, Boulder, CO 80304",Boulder,Boulder County,CO,40.025223,-105.283169,8,8013
"2855 Valmont Road, Boulder, CO 80301",Boulder,Boulder County,CO,40.02966,-105.256543,8,8013
"82 21st Ave, Suite C, Longmont, CO 80501",Longmont,Boulder County,CO,40.197223,-105.095219,8,8013
"292 S. La Cienega Blvd. #100, Beverly Hills, CA 90211",Beverly Hills,Los Angeles County,CA,34.062863,-118.375779,6,6037
"1233 NW 10th Avenue, Gainesville, FL 32601",Gainesville,Alachua County,FL,29.661,-82.338282,12,12001
"75 Francis Street, Boston, Ma, 02115",Boston,Suffolk County,MA,42.336107,-71.107481,25,25025
"2901 West State St, Bristol, TN 37620",Bristol,Sullivan County,TN,36.592637,-82.219402,47,47163
"2070 Eastchester Road, Bronx, NY 10461",Bronx,Bronx County,NY,40.85524,-73.843616,36,36005
"14 Dekalb Ave, 4th Floor, Brooklyn, NY 11201",Brooklyn,Kings County,NY,40.689857,-73.982219,36,36047
"142 Joralemon Street, Suite 4CF, Brooklyn, NY 11201",Brooklyn,Kings County,NY,40.692806,-73.99355,36,36047
"14 Dekalb Ave, Brooklyn, NY 11201",Brooklyn,Kings County,NY,40.689857,-73.982219,36,36047
"106-12 Liberty Ave, Ozone Park, NY 11417",Ozone Park,Queens County,NY,40.682943,-73.834902,36,36081
"2500 Main Street, Buffalo, NY 14214",Buffalo,Erie County,NY,42.936663,-78.842279,36,36029
"1493 Cambridge St., Cambridge, MA 02139",Cambridge,Middlesex County,MA,42.374426,-71.104437,25,25017
"4141 N. 32nd Street, #105, Phoenix, AZ 85018",Phoenix,Maricopa County,AZ,33.496688,-112.012021,4,4013
"1160 W Sylvania Ave, Toledo, OH 43612",Toledo,Lucas County,OH,41.692665,-83.568954,39,39095
"6323 Georgia Ave NW, Suite 210, Washington D.C. 20011",Washington,District of Columbia,DC,38.966911,-77.027118,11,11001
"1800 Peachtree St NW, Suite 800, Atlanta, GA 30309",Atlanta,Fulton County,GA,33.803865,-84.394141,13,13121
"4711 Golf Rd, Suite 920, Skokie, IL 60076",Skokie,Cook County,IL,42.054308,-87.744049,17,17031
"5002 Crossings Circle, Suite 260, Mt Juliet, TN 37122",Mount Juliet,Wilson County,TN,36.167183,-86.51721,47,47189
"5530 Wisconsin Ave, Chevy Chase, MD 20815",Chevy Chase,Montgomery County,MD,38.964896,-77.088315,24,24031
"1002 W Mission Ave., Bellevue, NE 68005",Bellevue,Sarpy County,NE,41.136742,-95.905948,31,31153
"263 Rainier Ave S. #200, Renton, WA 98057",Renton,King County,WA,47.480819,-122.218532,53,53033
"509 Olive Way #1454, Seattle, WA 98101",Seattle,King County,WA,47.612768,-122.336818,53,53033
"1401-A Martin Luther King Jr Way, Tacoma, WA 98405",Tacoma,Pierce County,WA,47.248776,-122.450651,53,53053
"2020 South Clinton Avenue, Rochester, NY 14618",Rochester,Monroe County,NY,43.119424,-77.594687,36,36055
"10215 W. Roosevelt Rd. #101, Westchester, IL 60154",Westchester,Cook County,IL,41.863012,-87.878448,17,17031
"4840 College Boulevard, Overland Park, KS 66211",Leawood,Johnson County,KS,38.928261,-94.641338,20,20091
"502 Kings Highway North, Cherry Hill, NJ 08034",Cherry Hill,Camden County,NJ,39.926807,-74.996897,34,34007
"89-26 Roosevelt Avenue, 2nd Floor, Jackson Heights, NY 11372",Jackson Heights,Queens County,NY,40.748459,-73.877306,36,36081
"1726 Poplar Ave, Memphis, TN 38104",Memphis,Shelby County,TN,35.143003,-90.002865,47,47157
"147-32 Jamaica Avenue, Jamaica, NY 11435",Jamaica,Queens County,NY,40.701655,-73.806693,36,36081
"3607 West 16th Street Suite B-2, Indianapolis, IN 46222",Indianapolis,Marion County,IN,39.787431,-86.221447,18,18097
"181 West Meadow Dr. - Suite 800, Vail, CO 81657",Vail,Eagle County,CO,39.64295,-106.380887,8,8037
"3850 Rosemont Drive, Columbus, GA 31904",Columbus,Muscogee County,GA,32.501404,-84.959084,13,13215
"222 N. 2nd Street, Suite 206, Boise, ID 83702",Boise,Ada County,ID,43.613194,-116.19497,16,16001
"619 NW 23rd Street, Oklahoma City, OK 73103",Oklahoma City,Oklahoma County,OK,35.493464,-97.523438,40,40109
"4401 W 109th Street #100, Overland Park, KS 66211",Leawood,Johnson County,KS,38.930864,-94.636726,20,20091
"2226 E Central, Wichita, KS 67214",Wichita,Sedgwick County,KS,37.69393,-97.309483,20,20173
"8111 Lowry Blvd, Denver, CO 80230",Denver,Denver County,CO,39.717693,-104.89423,8,8031
"104-08 Roosevelt Avenue, 2nd Floor, Corona, Queens, NY 11368",Corona,Queens County,NY,40.749815,-73.86132,36,36081
"CCMC Annex- Alexander Silberman Center, 1 Medical Center Blvd., 4th Floor, Chester, PA 19013",Chester,Delaware County,PA,39.848163,-75.378098,42,42045
"756 Colonial Drive, Baton Rouge, LA 70806",Baton Rouge,East Baton Rouge Parish,LA,30.443853,-91.100075,22,22033
"1900 E. Desert Inn Rd. Las Vegas, NV 89169",Las Vegas,Clark County,NV,36.130209,-115.125461,32,32003
"5501 N 19th Ave Suite 420, Phoenix AZ 85015",Phoenix,Maricopa County,AZ,33.517231,-112.099242,4,4013
"642 Southern Blvd., Bronx, NY 10455",Bronx,Bronx County,NY,40.812919,-73.900798,36,36005
"1393 Santa Rita Rd, Ste B, Pleasonton, CA 94566",Pleasanton,Alameda County,CA,37.671069,-121.873522,6,6001
"216-4 Union Turnpike, Oakland Gardens, NY 11364",Oakland Gardens,Queens County,NY,40.734554,-73.754926,36,36081
"3114 Mercer University Drive, Suite 100, Atlanta, GA 30341",Atlanta,DeKalb County,GA,33.877141,-84.261435,13,13089
"1120 19th St NW, Washington, DC 20036",Washington,District of Columbia,DC,38.904556,-77.04386,11,11001
"124 E. 40th St. Ste 702, New York, NY 10016",New York,New York County,NY,40.750191,-73.977327,36,36061
"5 Cornwall Court, # B4, East Brunswick, NJ 08816",East Brunswick,Middlesex County,NJ,40.411307,-74.422039,34,34023
"962 East Cypress Road, Fort Lauderdale, FL 33334",Fort Lauderdale,Broward County,FL,26.2031,-80.15419,12,12011
"15921 E 8 Mile Road, Eastpointe, MI, 48021",Eastpointe,Macomb County,MI,42.450553,-82.957398,26,26099
"14 DeKalb Avenue, 4th Floor, Brooklyn, NY 11201",Brooklyn,Kings County,NY,40.689857,-73.982219,36,36047
"455 W Broadway, Jackson, WY 83001",Jackson,Teton County,WY,43.479536,-110.769766,56,56039
"227 N. Dubuque Street, Iowa City, IA 52245",Iowa City,Johnson County,IA,41.664444,-91.533375,19,19103
"136 W. Market Street, Louisville, KY 40202",Louisville,Jefferson County,KY,38.254379,-85.753141,21,21111
"38 South Main Street, Concord, NH 03301",Concord,Merrimack County,NH,43.20184,-71.535112,33,33013
"450 Sutter Street, Suite 1324, San Francisco, CA 94108",San Francisco,San Francisco County,CA,37.789657,-122.407834,6,6075
"8603 South Dixie Highway, #102, Miami, FL 33143",Pinecrest,Miami-Dade County,FL,25.690248,-80.30608,12,12086
"900 S. Washington St., Suite 300, Falls Church, VA 22046",Falls Church,Falls Church city,VA,38.879254,-77.183032,51,51610
"1331 N. 7th Street, #225, Phoenix, AZ 85006",Phoenix,Maricopa County,AZ,33.46342,-112.06434,4,4013
"659 W. Washington Blvd., Chicago IL 60661",Chicago,Cook County,IL,41.882831,-87.644984,17,17031
"4341 N Milwaukee Ave., Chicago, IL 60641",Chicago,Cook County,IL,41.960101,-87.753623,17,17031
"700 E. Hebron Street, Charlotte, NC, 28273",Charlotte,Mecklenburg County,NC,35.125088,-80.880129,37,37119
"66 Painters Mill Road, Suite 106, Owings Mills, MD 21117",Owings Mills,Baltimore County,MD,39.413836,-76.777886,24,24005
"1924 Cliff Valley Way NE, Atlanta, GA 30329",Atlanta,DeKalb County,GA,33.832907,-84.323503,13,13089
"3599 University Boulevard South Building #1200, Jacksonville, FL 32216",Jacksonville,Duval County,FL,30.289709,-81.598374,12,12031
"150 Emory Street, Attleboro, MA 02703",Attleboro,Bristol County,MA,41.943031,-71.269377,25,25005
"288 Groveland Street, Haverhill, MA 01830",Haverhill,Essex County,MA,42.767572,-71.047169,25,25009
"2500 H St., Bakersfield, CA 93701",Bakersfield,Kern County,CA,35.382248,-119.020809,6,6029
"7023 Owensmouth Ave, Canoga Park, CA 91303",Canoga Park,Los Angeles County,CA,34.198035,-118.601723,6,6037
"8635 Firestone Blvd, Ste 100, Downey, CA 90241",Downey,Los Angeles County,CA,33.937445,-118.126092,6,6037
"4922 East Whittier Blvd, East Los Angeles, CA 90022",Los Angeles,Los Angeles County,CA,34.021429,-118.163066,6,6037
"1625 E Main St #202, El Cajon, CA 92021",El Cajon,San Diego County,CA,32.809483,-116.91968,6,6073
"165 N. Clark Street, Fresno, CA 93701",Fresno,Fresno County,CA,36.744694,-119.786861,6,6019
"372 W. Arden Ave #200, Glendale, CA 91203",Glendale,Los Angeles County,CA,34.158147,-118.261151,6,6037
"301 N Prairie Ave Suite 611, Inglewood, CA 90301",Inglewood,Los Angeles County,CA,33.965715,-118.344353,6,6037
"2777 Long Beach Blvd, #200, Long Beach, CA 90806",Long Beach,Los Angeles County,CA,33.807315,-118.189662,6,6037
"601 S. Westmoreland Ave, Los Angeles, CA 90005",Los Angeles,Los Angeles County,CA,34.06347,-118.2886,6,6037
"10200 Sepulveda Blvd, Ste #200, Mission Hills, CA 91345",Mission Hills,Los Angeles County,CA,34.255299,-118.4673,6,6037
"2030 Coffee Rd. Ste A-1, Modesto, CA 95355",Modesto,Stanislaus County,CA,37.672971,-120.975368,6,6099
"400 29th St, Ste #301, Oakland, CA 94609",Oakland,Alameda County,CA,37.818111,-122.26522,6,6001
"1700 Lombard St #110, Oxnard, CA 93030",Oxnard,Ventura County,CA,34.217133,-119.148638,6,6111
"1996 Indian Hill Blvd, Pomona, CA 91767",Pomona,Los Angeles County,CA,34.079191,-117.718916,6,6037
"3660 Park Sierra Dr., Ste #202, Riverside, CA 92503",Riverside,Riverside County,CA,33.902924,-117.471397,6,6065
"2322 Butano Dr #205, Sacramento, CA 95825",Sacramento,Sacramento County,CA,38.606374,-121.381465,6,6067
"855 E. Hospitality Ln., San Bernardino, CA 92408",San Bernardino,San Bernardino County,CA,34.068537,-117.267386,6,6071
"2100 Forest Ave #108, San Jose, CA 95128",San Jose,Santa Clara County,CA,37.326483,-121.936766,6,6085
"1901 N.Tustin Ave, Santa Ana, CA 92705",Santa Ana,Orange County,CA,33.762492,-117.834631,6,6059
"12304 Santa Monica Blvd., #116, Los Angeles, CA 90025",Los Angeles,Los Angeles County,CA,34.039247,-118.465845,6,6037
"41715 Winchester Rd. #204, Temecula, CA 92590",Temecula,Riverside County,CA,33.51876,-117.168456,6,6065
"24241 Hawthorne Blvd, Unit 201, Torrance, CA 90505",Torrance,Los Angeles County,CA,33.802501,-118.351346,6,6037
"501 S Vincent Ave Suite 205, West Covina, CA 91790",West Covina,Los Angeles County,CA,34.066667,-117.927985,6,6037
"43845 10th St W #1E, Lancaster, CA 93534",Lancaster,Los Angeles County,CA,34.680092,-118.148474,6,6037
"25 Lindsley Dr., Suite 101, Morristown, NJ 07960",Morristown,Morris County,NJ,40.800408,-74.46095,34,34027
"601 Ewing Street, Suite A-3, Princeton, NJ 08540",Princeton,Mercer County,NJ,40.370314,-74.658814,34,34021
"4000 Victory Blvd, Staten Island, NY 10314",Staten Island,Richmond County,NY,40.593433,-74.187372,36,36085
"1142 Grove Road, Greenville, SC 29605",Greenville,Greenville County,SC,34.808954,-82.421443,45,45045
"17 Fontana Lane, Suite 201, Rosedale, MD 21237",Rosedale,Baltimore County,MD,39.339144,-76.489872,24,24005
"100 Cummings Center, Suite 110-E, Beverly, MA 01915",Beverly,Essex County,MA,42.559708,-70.886073,25,25009
"215 Summer Street, Suite 16, Haverhill, MA 01830",Haverhill,Essex County,MA,42.776004,-71.067949,25,25009
"280 Merrimack Street, Suite 544, Lawrence, MA 01843",Lawrence,Essex County,MA,42.703154,-71.148477,25,25009
"300 E. Hampden Ave., Suite 201, Denver, CO 80206",Denver,Denver County,CO,39.65322,-104.923465,8,8031
"1155 W. Central Ave, Suite 214, Santa Ana, CA 92707",Santa Ana,Orange County,CA,33.713159,-117.88435,6,6059
"241 W Olive Ave, Burbank, CA 91502",Burbank,Los Angeles County,CA,34.174404,-118.315992,6,6037
"2226 E Cesar Chavez Ave, Los Angeles, CA 90033",Los Angeles,Los Angeles County,CA,34.05038,-118.211991,6,6037
"7024 Seville Ave, Suite A, Huntington Park, CA 90255",Huntington Park,Los Angeles County,CA,33.975642,-118.222138,6,6037
"8349 Reseda Blvd, Northridge, CA 91324",Northridge,Los Angeles County,CA,34.222156,-118.536289,6,6037
"418 San Fernando Mission Blvd, San Fernando, CA 91340",San Fernando,Los Angeles County,CA,34.282688,-118.444531,6,6037
"7220 Woodman Ave, Suite 106, Van Nuys, CA 91405",Van Nuys,Los Angeles County,CA,34.201964,-118.431058,6,6037
"320 East Fulton, Grand Rapids, MI, 49503",Grand Rapids,Kent County,MI,42.96279,-85.660923,26,26081
"500 E. Schuster Ave., Suite B, El Paso, TX 79902",El Paso,El Paso County,TX,31.771198,-106.494201,48,48141
"5290 McNutt Road, Suite 106, Sunland Park, NM 88008",Sunland Park,Doña Ana County,NM,31.848434,-106.624765,35,35013
"1602 21st Street, Granite City, IL 62040",Granite City,Madison County,IL,38.703207,-90.147753,17,17119
"210 Kings Highway, Shreveport, LA 71104",Shreveport,Caddo Parish,LA,32.481929,-93.734079,22,22017
"4820 San Jacinto, Houston, TX 77004",Houston,Harris County,TX,29.729907,-95.3843,48,48201
"5225 Katy Freeway, Suite 370, Houston, TX 77007",Houston,Harris County,TX,29.776733,-95.414012,48,48201
"1186 Roosevelt Road, Glen Ellyn, IL 60137",Glen Ellyn,DuPage County,IL,41.860227,-88.031912,17,17043
"1700 75th Street, Downers Grove, IL 60516",Downers Grove,DuPage County,IL,41.751574,-88.024973,17,17043
"203 E Irving Park Road, Wood Dale, IL 60191",Wood Dale,DuPage County,IL,41.963122,-87.974213,17,17043
"2415 S. Michigan Avenue, Chicago, IL 60616",Chicago,Cook County,IL,41.848813,-87.62325,17,17031
"2903 North State Street, Jackson, MS 39216",Jackson,Hinds County,MS,32.334618,-90.177028,28,28049
"271 Newark Ave, Jersey City, NJ 07302",Jersey City,Hudson County,NJ,40.72314,-74.049484,34,34017
"1323 Stuyvesant Avenue, Union, NJ 07083",Union,Union County,NJ,40.701712,-74.263881,34,34039
"559 Portsmouth Ave, Greenland, NH 03840",Greenland,Rockingham County,NH,43.036372,-70.83753,33,33015
"3144 John F. Kennedy Blvd., Jersey City, NJ 07305",Jersey City,Hudson County,NJ,40.740259,-74.061339,34,34017
"1547 W. Clinch Avenue, Knoxville, TN 37916",Knoxville,Knox County,TN,35.959536,-83.930153,47,47093
"4 Office Park Drive, Little Rock, AR 72211",Little Rock,Pulaski County,AR,34.746128,-92.39747,5,5119
"933 NW 25th Avenue, Portland, OR 97210",Portland,Multnomah County,OR,45.529489,-122.702981,41,41051
"700 Mount Hope Avenue, Suite 420, Bangor ME 04401",Bangor,Penobscot County,ME,44.82479,-68.735824,23,23019
"43 Gabriel Drive, Augusta, ME, 04330",Augusta,Kennebec County,ME,44.369013,-69.797641,23,23011
"68 Mount Hope Avenue, Bangor, ME 04401",Bangor,Penobscot County,ME,44.813211,-68.76344,23,23019
"147 Waldo Avenue, Belfast, ME 04915",Belfast,Waldo County,ME,44.432566,-69.018922,23,23027
"10 Barker St Suite D, Calais, ME 04619",Calais,Washington County,ME,45.186003,-67.267664,23,23029
"767 Main Street, Damariscotta, ME 04543",Damariscotta,Lincoln County,ME,44.054885,-69.499431,23,23015
"311 Corinna Road, Dexter, ME 04930",Dexter,Penobscot County,ME,45.003692,-69.283085,23,23019
"248 State Street, Ellsworth, ME 04605",Ellsworth,Hancock County,ME,44.551612,-68.429392000000007,23,23009
"193 Front Street, Farmington, ME 04938",Farmington,Franklin County,ME,44.668767,-70.151888,23,23007
"139 Market Street, Fort Kent, ME 04743",Fort Kent,Aroostook County,ME,47.251013,-68.579734,23,23003
"91 Military Street, Houlton, ME 04730",Houlton,Aroostook County,ME,46.123998,-67.831249,23,23003
"179 Lisbon Street, Lewiston, ME 04240",Lewiston,Androscoggin County,ME,44.095584,-70.21679,23,23001
"247 Main Street, Machias, ME 04654",Whitneyville,Washington County,ME,44.722815,-67.439696,23,23029
"9 Marston Street, Norway, ME 04268",Norway,Oxford County,ME,44.212315,-70.536202,23,23017
"5 Martin Street, Presque Isle, ME 04769",Presque Isle,Aroostook County,ME,46.687751,-68.009248,23,23003
"22 White Street, Rockland, ME 04841",Rockland,Knox County,ME,44.10547,-69.112955,23,23013
"218 Penobscot Street, Rumford, ME 04276",Rumford,Oxford County,ME,44.549466,-70.551523,23,23017
"188 Madison Avenue, Skowhegan, ME 04976",Skowhegan,Somerset County,ME,44.774005,-69.72384,23,23025
"18 Silver Street, Waterville, ME 04901",Waterville,Kennebec County,ME,44.548637,-69.630542,23,23011
"77 Gilcreast Road, Suite 1000, Londonderry, NH 03053",Londonderry,Rockingham County,NH,42.865997,-71.351695,33,33015
"150 Tarrytown Rd, Manchester, NH 03103",Manchester,Hillsborough County,NH,42.983637,-71.43514,33,33011
"106 Irving Street NW, Physicians Office Building, Suite 4400 North Tower, Washington, DC 20010",Washington,District of Columbia,DC,38.929375,-77.014396,11,11001
"Princeton Executive Square, 5625 Allentown Rd.Suite #203, Camp Springs, MD 20746",Suitland,Prince George's County,MD,38.834912,-76.912745,24,24033
"5915 Greenbelt Rd, College Park, MD 20740",Berwyn Heights,Prince George's County,MD,38.997701,-76.912747,24,24033
"9063 Shady Grove Court, Gaithersburg, MD 20877",Gaithersburg,Montgomery County,MD,39.119433,-77.183759,24,24031
"40 Engle Street, Englewood, NJ 07631",Englewood,Bergen County,NJ,40.894234,-73.972614,34,34003
"7777 North University Drive, Suite 102, Ft. Lauderdale, FL 33321",Tamarac,Broward County,FL,26.218045,-80.254739,12,12011
"425 S. Cherry Street, Suite 300, Denver, CO 80246",Glendale,Arapahoe County,CO,39.708967,-104.934197,8,8005
"8200 E Belleview Ave., Suite #320, Englewood, CO 80111",Englewood,Arapahoe County,CO,39.623328,-104.893573,8,8005
"9370 SW 72nd St A104, Miami, FL 33173",Miami,Miami-Dade County,FL,25.700875,-80.345865,12,12086
"6161 Miramar Parkway, Suite 300, Miramar, FL 33023",Miramar,Broward County,FL,25.984911,-80.210533,12,12011
"330 Mount Auburn St, Cambridge, MA 02138",Cambridge,Middlesex County,MA,42.374605,-71.135595,25,25017
"1530 Ellis Street, Bellingham, WA 98225",Bellingham,Whatcom County,WA,48.750477,-122.471392,53,53073
"1805 E Division Street, Mount Vernon, WA 98274",Mount Vernon,Skagit County,WA,48.421269,-122.318046,53,53057
"4903 W. Pico Blvd. #202, Los Angeles, CA 90019",Los Angeles,Los Angeles County,CA,34.04817,-118.34362,6,6037
"7232 Van Nuys Blvd. Suite 202, Van Nuys, CA 91405",Van Nuys,Los Angeles County,CA,34.202238,-118.448465,6,6037
"1990 Central Park Avenue, Yonkers, NY 10710",Yonkers,Westchester County,NY,40.966313,-73.837672,36,36119
"400-B Crutchfield Street, Durham, NC, 27704",Durham,Durham County,NC,36.03925,-78.904383,37,37063
"2412 West Plaza Drive, Tallahassee, FL 32308",Tallahassee,Leon County,FL,30.457674,-84.238926,12,12073
"2127 State Road, Cuyahoga Falls, OH 44223",Cuyahoga Falls,Summit County,OH,41.136423,-81.508377,39,39153
"3461 Warrensville Center Rd. Suite 202, Shaker Heights, OH 44122",Beachwood,Cuyahoga County,OH,41.465393,-81.535883,39,39035
"24450 Evergreen Road, Suite 220, Southfield, MI, 48075",Southfield,Oakland County,MI,42.468197,-83.239431,26,26125
"3810 17 Mile Rd., Suite 1, Sterling Heights, MI, 48310",Sterling Heights,Macomb County,MI,42.578806,-83.071676,26,26099
"35000 Ford Rd., Suite 3, Westland, MI, 48185",Westland,Wayne County,MI,42.324378,-83.384498,26,26163
"8363 Meadow Road, Dallas, TX 75231",Dallas,Dallas County,TX,32.886501,-96.75975,48,48113
"79-01 Broadway, Elmhurst, NY 11373",Elmhurst,Queens County,NY,40.744586,-73.886173,36,36081
"462 First Avenue (New Ambulatory Care Building), 4th Floor, Room 4023, New York, NY 10016",New York,New York County,NY,40.73954,-73.976333,36,36061
"2601 Ocean Parkway, Brooklyn, NY 11235",Brooklyn,Kings County,NY,40.586022,-73.965731,36,36047
"506 Lenox Avenue, New York, NY 10037",New York,New York County,NY,40.814346,-73.940307,36,36061
"1400 Pelham Parkway South, Bldg. 5, 7th Floor, Bronx, NY 10461",Bronx,Bronx County,NY,40.857099,-73.847446,36,36005
"451 Clarkson Avenue, E Building, Brooklyn, NY 11203",Brooklyn,Kings County,NY,40.65625,-73.944614,36,36047
"234 East 149th Street, Bronx, NY 10451",Bronx,Bronx County,NY,40.817534,-73.924095,36,36005
"1901 First Avenue, New York, NY 10029",New York,New York County,NY,40.784771,-73.943905,36,36061
"3424 Kossuth Avenue, Bronx, NY 10467",Bronx,Bronx County,NY,40.880373,-73.881533,36,36005
"6210 Old National Highway, College Park, GA 30349",Atlanta,Fulton County,GA,33.585609,-84.468951,13,13121
"102 Candlewood Commons, Howell, NJ 07731",Howell,Monmouth County,NJ,40.147645,-74.224466,34,34025
"1024 Park Avenue, Suite 4, Plainfield, NJ 07060",Plainfield,Union County,NJ,40.610414,-74.410206,34,34039
"2001 W. Oakland Park Blvd., Ft. Lauderdale, FL 33311",Oakland Park,Broward County,FL,26.166009,-80.169916,12,12011
"1103 Lucerne Terrace, Orlando, FL 32806",Orlando,Orange County,FL,28.528909,-81.380377,12,12095
"502 South Magnolia Avenue, Tampa, FL 33606",Tampa,Hillsborough County,FL,27.939683,-82.46583,12,12057
"2100 Webster Street, Suite 319, San Francisco, CA 94115",San Francisco,San Francisco County,CA,37.790526,-122.43214,6,6075
"800 2nd Avenue, Suite 605, New York, NY 10017",New York,New York County,NY,40.750103,-73.97177,36,36061
"4500 East 9th Avenue, Suite 700, Denver, CO 80246",Denver,Denver County,CO,39.730878,-104.934446,8,8031
"10758A Jefferson Avenue, Newport News, VA 23601",Newport News,Newport News city,VA,37.053302,-76.461602,51,51700
"Hospital of the University of Pennsylvania, 1 Ravdin, 3400 Spruce Street, Philadelphia, PA 19104",Philadelphia,Philadelphia County,PA,39.960912,-75.19668,42,42101
"Penn Medicine Washington Square 10th Floor, 800 Walnut Street, Philadelphia, PA 19107",Philadelphia,Philadelphia County,PA,39.952532,-75.162678,42,42101
"777 Appletree Street, 7th Floor, Philadelphia, PA 19106",Philadelphia,Philadelphia County,PA,39.953754000000004,-75.152357,42,42101
"393 Bloomfield Avenue, Montclair, NJ 07042",Montclair,Essex County,NJ,40.812634,-74.215618,34,34013
"900 Ferry St. Wenatchee, WA 98801",Wenatchee,Chelan County,WA,47.411644,-120.312933,53,53007
"2500 S. Woodlands Village Blvd, Flagstaff, AZ 86001",Flagstaff,Coconino County,AZ,35.178043,-111.668105,4,4005
"5771 W. Eugie, Glendale, AZ 85304",Glendale,Maricopa County,AZ,33.60829,-112.183611,4,4013
"2255 N. Wyatt Dr., Tuscon, AZ 85712",Tucson,Pima County,AZ,32.248262,-110.881844,4,4019
"1837 E Baseline Rd, Tempe, AZ 85283",Tempe,Maricopa County,AZ,33.377212,-111.906364,4,4013
"160 South 1000 East, Suite 120, Salt Lake City, UT 84102",Salt Lake City,Salt Lake County,UT,40.765861,-111.862956,49,49035
"743 Pismo Street, San Luis Obispo, CA 93401",San Luis Obispo,San Luis Obispo County,CA,35.276831,-120.6617,6,6079
"518 Garden Street, Santa Barbara, CA 93101",Santa Barbara,Santa Barbara County,CA,34.420938,-119.692172,6,6083
"415 E Chapel Street, Santa Maria, CA 93454",Santa Maria,Santa Barbara County,CA,34.954617,-120.430722,6,6083
"1200 W. Hillcrest Dr., Thousand Oaks, CA 91320",Newbury Park,Ventura County,CA,34.184869,-118.90697,6,6111
"5400 Ralston Street, Ventura, CA 93003",Ventura,Ventura County,CA,34.259449,-119.217936,6,6111
"4600 Gulf Freeway, Ste. 300, Houston, TX 77023",Houston,Harris County,TX,29.725695,-95.334709,48,48201
"12614 Southwest Freeway, Suite A, Stafford, TX 77477",Stafford,Fort Bend County,TX,29.638855,-95.583106,48,48157
"12220 SW First St., Suite 200, Beaverton, OR 97005",Beaverton,Washington County,OR,45.485811,-122.802528,41,41067
"2330 NE Division St., Suite 7, Bend, OR 97703",Bend,Deschutes County,OR,44.072822,-121.305726,41,41017
"14411 SE McLoughlin Blvd, Milwaukie, OR 97267",Portland,Clackamas County,OR,45.419071,-122.633461,41,41005
"3727 NE Martin Luther King Jr. Boulevard, Portland, OR 97212",Portland,Multnomah County,OR,45.549897,-122.662128,41,41051
"3825 Wolverine St., NE, Salem, OR 97305",Salem,Marion County,OR,44.958703,-122.985747,41,41047
"11516 SE Mill Plain Blvd, Vancouver, WA 98684",Vancouver,Clark County,WA,45.621755,-122.553843,53,53011
"1501 Aldersgate Rd. Little Rock, AR 72205",Little Rock,Pulaski County,AR,34.739965,-92.389557,5,5119
"755 New York Ave, Huntington, NY 11743",Huntington,Suffolk County,NY,40.86011,-73.420692,36,36103
"6 Gramatan Avenue, 4th Floor, Mt. Vernon, NY 10550",Mount Vernon,Westchester County,NY,40.912465,-73.837727,36,36119
"247-249 North Ave, New Rochelle, NY 10801",New Rochelle,Westchester County,NY,40.911341,-73.781361,36,36119
"450 Waverly Ave, Patchogue, NY 11772",Patchogue,Suffolk County,NY,40.779336,-73.033172,36,36103
"877 E Main Street, Ste. 109, Riverhead, NY 11901",Riverhead,Suffolk County,NY,40.923866,-72.651367,36,36103
"70 Maple Ave, Smithtown, NY 11787",Smithtown,Suffolk County,NY,40.853027,-73.197908,36,36103
"25 Perlman Drive, Spring Valley, NY 10977",Spring Valley,Rockland County,NY,41.106635,-74.031821,36,36087
"180 Sunrise Highway, West Islip, NY 11795",West Islip,Suffolk County,NY,40.724648,-73.290762,36,36103
"175 Tarrytown Road, White Plains, NY 10607",White Plains,Westchester County,NY,41.040235,-73.788893,36,36119
"20 S Broadway, Yonkers, NY 10701",Yonkers,Westchester County,NY,40.933023,-73.898274,36,36119
"29 North Ninth Street, Allentown, PA 18101",Allentown,Lehigh County,PA,40.602161,-75.475636,42,42077
"1514 North Second Street, Harrisburg, PA 17102",Harrisburg,Dauphin County,PA,40.270851,-76.893725,42,42043
"48 South Fourth Street, Reading, PA 19602",Reading,Berks County,PA,40.333819,-75.93019,42,42011
"610 Louis Drive, Warminster, PA 18974",Warminster,Bucks County,PA,40.199807,-75.087112,42,42017
"101 N. Main Street, Wilkes-Barre, PA 18701",Wilkes Barre,Luzerne County,PA,41.24773,-75.877852,42,42079
"728 South Beaver St, York, PA 17401",York,York County,PA,39.952399,-76.725223,42,42133
"470 Pleasant Street, Worcester, MA 01609",Worcester,Worcester County,MA,42.263192,-71.818125,25,25027
"1055 Commonwealth Avenue, Boston, MA 02215",Boston,Suffolk County,MA,42.35243,-71.12291,25,25025
"3550 Main Street, Suite 201, Springfield, MA 01107",Springfield,Hampden County,MA,42.125609,-72.61219,25,25013
"533 E. Palmdale Boulevard, Ste. 533-A1, Palmdale, CA 93550",Palmdale,Los Angeles County,CA,34.580404,-118.119749,6,6037
"1057 Kingston Avenue, Los Angeles, CA 90033",Los Angeles,Los Angeles County,CA,34.057137,-118.209654,6,6037
"916 W Burbank Blvd. #M, Burbank, CA 91506",Burbank,Los Angeles County,CA,34.183379,-118.322385,6,6037
"21001 Sherman Way #9, Canoga Park, CA 91303",Canoga Park,Los Angeles County,CA,34.201259,-118.590938,6,6037
"661 East University Drive, Carson, CA 90746",Carson,Los Angeles County,CA,33.85832,-118.264505,6,6037
"4402 East Compton Blvd Suite #104, Compton, CA 90221",Compton,Los Angeles County,CA,33.895995,-118.194479,6,6037
"8520 So. Broadway, Los Angeles, CA 90003",Los Angeles,Los Angeles County,CA,33.949164,-118.273156,6,6037
"5068 Whittier Blvd, Los Angeles, CA 90022",Los Angeles,Los Angeles County,CA,34.02088,-118.160349,6,6037
"4786 N. Peck Rd, Ste. B, El Monte, CA 91732",El Monte,Los Angeles County,CA,34.089437,-118.01507,6,6037
"1014 1/2 N Vermont Ave, Los Angeles, CA 90029",Los Angeles,Los Angeles County,CA,34.09027,-118.29148,6,6037
"7655 Greenleaf Ave, Whittier, CA 90602",Whittier,Los Angeles County,CA,33.97266,-118.037514,6,6037
"5525 E Del Amo Blvd., Lakewood, CA 90713",Lakewood,Los Angeles County,CA,33.847455,-118.124135,6,6037
"2690 Pacific Avenue, STE 370, Long Beach, CA 90806",Long Beach,Los Angeles County,CA,33.805839,-118.193323,6,6037
"1550 N Garey Ave, Pomona, CA 91767",Pomona,Los Angeles County,CA,34.073586,-117.751831,6,6037
"400 West 30th St, Los Angeles, CA 90007",Los Angeles,Los Angeles County,CA,34.02393,-118.27577,6,6037
"1316 3rd Street Promenade, Suite 201, Santa Monica, CA 90401",Santa Monica,Los Angeles County,CA,34.01667,-118.497554,6,6037
"14623 Hawthorne Blvd #300, Lawndale, CA 90260",Lawndale,Los Angeles County,CA,33.898565,-118.352992,6,6037
"7100 Van Nuys Blvd., Suite 108, Van Nuys, CA 91405",Van Nuys,Los Angeles County,CA,34.199383,-118.448559,6,6037
"825 N. San Vicente Blvd., West Hollywood, CA 90069",West Hollywood,Los Angeles County,CA,34.085402,-118.384918,6,6037
"201 29th Street, Ste. B, Sacramento, CA 95816",Sacramento,Sacramento County,CA,38.581776,-121.463904,6,6067
"2633 16th Street, Bakersfield, CA 93301",Bakersfield,Kern County,CA,35.372163,-119.032863,6,6029
"5440 Thornwood Drive, San Jose, CA 95123",San Jose,Santa Clara County,CA,37.253752,-121.860582,6,6085
"8480 Enterprise Way, Oakland, CA 94621",Oakland,Alameda County,CA,37.742396,-122.192324,6,6001
"678 N Wilson Way #G, Stockton, CA 95205",Stockton,San Joaquin County,CA,37.963078,-121.27303,6,6077
"3131 Alum Rock Avenue, San Jose, CA 95127",San Jose,Santa Clara County,CA,37.36652,-121.827413,6,6085
"6095 N. 1st Street, Fresno, CA 93710",Fresno,Fresno County,CA,36.825392,-119.773669,6,6019
"455 W. 5th Street Reno, NV 89503",Reno,Washoe County,NV,39.530331,-119.820714,32,32031
"5385 Franklin Blvd., Suite A-D, Sacramento, CA 95820",Sacramento,Sacramento County,CA,38.52628,-121.471529,6,6067
"650 N. Fulton Street, Fresno, CA 93728",Fresno,Fresno County,CA,36.75219,-119.799947,6,6019
"760 Renz Lane, Gilroy, CA 95020",Gilroy,Santa Clara County,CA,37.004278,-121.555664,6,6085
"1032 A Street, Hayward, CA 94541",Hayward,Alameda County,CA,37.67455,-122.083372,6,6001
"500 E. Almond Suite #1, Madera, CA 93637",Madera,Madera County,CA,36.944699,-120.052349,6,6039
"3166 Collins Dr., Merced, CA 95348",Merced,Merced County,CA,37.320272,-120.475671,6,6047
"2500 California Street, Mountain View, CA 94040",Mountain View,Santa Clara County,CA,37.403505,-122.106123,6,6085
"5700 Watt Ave., North Highlands, CA 95660",North Highlands,Sacramento County,CA,38.670127,-121.382881,6,6067
"4555 Precissi Lane, Stockton, CA 95207",Stockton,San Joaquin County,CA,37.989177,-121.315458,6,6077
"2907 El Camino Real, Redwood City , CA 94061",Redwood City,San Mateo County,CA,37.46948,-122.211924,6,6081
"729 Sunrise Ave. Suite 900, Roseville, CA 95661",Roseville,Placer County,CA,38.734211,-121.270118,6,6061
"316 N. Main Street, Salinas, CA 93901",Salinas,Monterey County,CA,36.682622,-121.652855,6,6053
"1691 The Alameda, San Jose, CA 95126",San Jose,Santa Clara County,CA,37.336931,-121.919764,6,6085
"29 Baywood Ave, San Mateo, CA 94402",San Mateo,San Mateo County,CA,37.564578,-122.328651,6,6081
"625 Hilby Ave, Seaside, CA 93955",Seaside,Monterey County,CA,36.602727,-121.849631,6,6053
"435 Grand Avenue, South San Francisco, CA 94080",South San Francisco,San Mateo County,CA,37.655719,-122.413926,6,6081
"1441 N. Tracy Blvd., Tracy, CA 95376",Tracy,San Joaquin County,CA,37.744661,-121.435346,6,6077
"398 South Green Valley Road, Watsonville, CA 95076",Watsonville,Santa Cruz County,CA,36.93025,-121.776893,6,6087
"1682 7th Street, Oakland, CA 94607",Oakland,Alameda County,CA,37.806723,-122.300108,6,6001
"1119 Pacific Ave. Suite 200, Santa Cruz, CA 95060",Santa Cruz,Santa Cruz County,CA,36.972198,-122.025973,6,6087
"520 Cottonwood Street, Suite 10, Woodland, CA 95695",Woodland,Yolo County,CA,38.674941,-121.794098,6,6113
"430 Palora Ave #G, Yuba City, CA 95991",Yuba City,Sutter County,CA,39.128148,-121.633967,6,6101
"2530 Chamberlain Street, Ames, IA 50014",Ames,Story County,IA,42.021232,-93.651498,19,19169
"2520 Melrose Drive, Suite L, Cedar Falls, IA 50613",Cedar Falls,Black Hawk County,IA,42.514298,-92.430923,19,19013
"1604 2nd Ave, Council Bluffs, IA 51501",Council Bluffs,Pottawattamie County,IA,41.259922,-95.867833,19,19155
"5631 S. 48th Street, Lincoln, NE 68516",Lincoln,Lancaster County,NE,40.756296,-96.65427,31,31109
"3105 N. 93rd St, Omaha, NE 68134",Omaha,Douglas County,NE,41.287184,-96.055367,31,31055
"1212 7th St. NW, Rochester, MN 55901",Rochester,Olmsted County,MN,44.031117,-92.481104,27,27109
"1000 E. Army Post Road, Des Moines, IA 50315",Des Moines,Polk County,IA,41.527669,-93.602641,19,19153
"6511 West 41st Street, Sioux Falls, SD 57106",Sioux Falls,Minnehaha County,SD,43.514523,-96.807817,46,46099
"671 Vandalia St., St. Paul, MN 55114",Saint Paul,Ramsey County,MN,44.961608,-93.189447,27,27123
"1104 Buchanan Road #C10, Antioch, CA 94509",Antioch,Contra Costa County,CA,37.998857,-121.822962,6,6013
"3100 Cohasset Rd., Chico, CA 95973",Chico,Butte County,CA,39.771866,-121.843134,6,6007
"14671 Olympic Drive, Clearlake, CA 95422",Clearlake,Lake County,CA,38.961746,-122.638242,6,6033
"2185 Pacheco Street, Concord, CA 94520",Concord,Contra Costa County,CA,37.97908,-122.03486,6,6013
"320 El Cerrito Plaza, El Cerrito, CA 94530",El Cerrito,Contra Costa County,CA,37.918024,-122.30248,6,6013
"3225 Timber Fall Court, Suite B, Eureka, CA 95503",Eureka,Humboldt County,CA,40.778915,-124.135283,6,6023
"1325 Travis Blvd. #C, Fairfield, CA 94533",Fairfield,Solano County,CA,38.257575,-122.052006,6,6095
"2970 Hilltop Mall Rd #307, Richmond, CA 94806",San Pablo,Contra Costa County,CA,37.977437,-122.329144,6,6013
"1735 Jefferson St, Napa, CA 94559",Napa,Napa County,CA,38.303526,-122.294605,6,6055
"2935 Bechelli Lane, Redding, CA 96002",Redding,Shasta County,CA,40.56453,-122.36234,6,6089
"1650 Valencia St, San Francisco, CA 94110",San Francisco,San Francisco County,CA,37.746157,-122.420328,6,6075
"2 H Street, San Rafael, CA 94901",San Rafael,Marin County,CA,37.974359,-122.538385,6,6041
"200 Porter Drive, Suite 200, San Ramon, CA 94583",San Ramon,Contra Costa County,CA,37.773842,-121.990482,6,6013
"1140 Sonoma Ave Building 3, Santa Rosa, CA 95405",Santa Rosa,Sonoma County,CA,38.440974,-122.700065,6,6097
"242-A Hospital Drive, Ukiah, CA 95482",Ukiah,Mendocino County,CA,39.15251,-123.204056,6,6045
"303 Sacramento Street, Vallejo, CA 94590",Vallejo,Solano County,CA,38.099655,-122.258846,6,6095
"1357 Oakland Blvd., Walnut Creek, CA 94596",Walnut Creek,Contra Costa County,CA,37.897865,-122.07043,6,6013
"2824 W Ridge Road, Rochester, NY 14626",Rochester,Monroe County,NY,43.210614,-77.70374,36,36055
"222 W Main Street, Batavia, NY 14020",Batavia,Genesee County,NY,43.001042,-78.193476,36,36037
"2697 Main Street, Buffalo, NY 14214",Buffalo,Erie County,NY,42.940506,-78.837188,36,36029
"15 LaFayette Avenue, Canandiagua, NY 14424",Canandaigua,Ontario County,NY,42.886106,-77.277898,36,36069
"750 Portage Road, Niagara Falls, NY 14301",Niagara Falls,Niagara County,NY,43.096152,-79.049819,36,36063
"15 Webster Street, North Tonawanda, NY 14120",North Tonawanda,Niagara County,NY,43.022267,-78.877535,36,36063
"114 University Avenue, Rochester, NY 14605",Rochester,Monroe County,NY,43.16092,-77.599554,36,36055
"1120 E Genesee Street, Syracuse, NY 13210",Syracuse,Onondaga County,NY,43.04658,-76.132692,36,36067
"Wimbledon Plaza 240 Center Road, West Seneca, NY 14224",Buffalo,Erie County,NY,42.842062,-78.772807,36,36029
"14601 SE Division Street Portland, OR 97233",Portland,Multnomah County,OR,45.504533,-122.512932,41,41051
"805 S Governors Ave, Dover, DE 19901",Dover,Kent County,DE,39.14842,-75.524685,10,10001
"625 N Shipley Street, Wilmington, DE 19801",Wilmington,New Castle County,DE,39.742889,-75.550854,10,10003
"4803 State Highway/30 KEM Plaza, Amsterdam, NY 12010",Amsterdam,Montgomery County,NY,42.906298,-74.229042,36,36057
"109 Legion Drive, Cobleskill, NY 12043",Cobleskill,Schoharie County,NY,42.680876,-74.480682,36,36095
"35 West William Street, Corning, NY 14830",Corning,Steuben County,NY,42.150194,-77.062516,36,36101
"21-41 45th Rd, Queens, NY 11101",Long Island City,Queens County,NY,40.746443,-73.946161,36,36081
"755 E. Church Street, Elmira, NY 14901",Elmira,Chemung County,NY,42.094141,-76.794877,36,36015
"110 School Street, Glen Cove, NY 11542",Glen Cove,Nassau County,NY,40.867957,-73.630406,36,36059
"7 Coates Drive, Suite 4, Goshen, NY 10924",Goshen,Orange County,NY,41.390469,-74.335807,36,36071
"540 Fulton Ave, Hempstead, NY 11550",Hempstead,Nassau County,NY,40.70986,-73.612719,36,36059
"111 Seneca Street, Hornell, NY 14843",Hornell,Steuben County,NY,42.332083,-77.660862,36,36101
"620 West Seneca Street, Ithaca, NY 14850",Ithaca,Tompkins County,NY,42.440319,-76.509489,36,36109
"400 North Perry Street, Johnstown, NY 12095",Johnstown,Fulton County,NY,43.020535,-74.368469,36,36035
"21 Grand Street, Kingston, NY 12401",Kingston,Ulster County,NY,41.928867,-73.999602,36,36111
"26 Bleecker Street, New York, NY 10012",New York,New York County,NY,40.725527,-73.993695,36,36061
"35 Carmans Road, Massapequa, NY 11758",Massapequa,Nassau County,NY,40.683529,-73.430514,36,36059
"14 Prince Street, Monticello, NY 12701",Monticello,Sullivan County,NY,41.654849,-74.690182,36,36105
"136 Lake Street, Suite 11, Newburgh, NY 12550",Newburgh,Orange County,NY,41.497681,-74.030567,36,36071
"17 Noxon Street, Poughkeepsie, NY 12601",Poughkeepsie,Dutchess County,NY,41.701113,-73.929422,36,36027
"543 Bay Road, Queensbury, NY 12804",Queensbury,Warren County,NY,43.346259,-73.655835,36,36113
"236 Washington Street, Saratoga Springs, NY 12866",Saratoga Springs,Saratoga County,NY,43.079579,-73.801289,36,36091
"1040 State Street, Schenectady, NY 12307",Schenectady,Schenectady County,NY,42.801355,-73.928584,36,36093
"23 Hyatt Street , Staten Island, NY 10301",Staten Island,Richmond County,NY,40.64206,-74.07715,36,36085
"349 E 149th Street, 2nd Floor, Bronx, NY 10451",Bronx,Bronx County,NY,40.816792,-73.919823,36,36005
"1424 Genesee Street, Utica, NY 13502",Utica,Oneida County,NY,43.094184,-75.246687,36,36065
"44 Court Street, 6th Floor, Brooklyn, NY 11201",Brooklyn,Kings County,NY,40.692663,-73.991102,36,36047
"25350 Rockside Rd, Bedford Heights, OH 44146",Bedford,Cuyahoga County,OH,41.40916,-81.499616,39,39035
"3255 East Main Street, Columbus, OH 43213",Columbus,Franklin County,OH,39.956214,-82.91129,39,39049
"1511 E. Missouri Avenue, El Paso, TX 79902",El Paso,El Paso County,TX,31.770213,-106.476909,48,48141
"201 E. Ben White Blvd - Bldg. A, Austin, TX 78704",Austin,Travis County,TX,30.222872,-97.763033,48,48453
"7989 West Virginia Drive, Dallas, TX 75237",Dallas,Dallas County,TX,32.649248,-96.876398,48,48113
"6464 John Ryan Drive - Suite A, Fort Worth, TX 76132",Fort Worth,Tarrant County,TX,32.654841,-97.420965,48,48439
"7426 West Bonnie Place, Kennewick, WA 99336",Kennewick,Benton County,WA,46.231987,-119.219085,53,53005
"1525 SE King Drive, Pullman, WA 99163",Pullman,Whitman County,WA,46.730331,-117.218027,53,53075
"123 E. Indiana Ave., Spokane, WA 99207",Spokane,Spokane County,WA,47.675171,-117.408353,53,53063
"12104 E. Main Ave, Spokane Valley, WA 99206",Spokane Valley,Spokane County,WA,47.658639,-117.242264,53,53063
"828 South First Avenue, Walla Walla, WA 99362",Walla Walla,Walla Walla County,WA,46.056679,-118.332017,53,53071
"1117 Tieton Drive, Yakima, WA 98902",Yakima,Yakima County,WA,46.592746,-120.523971,53,53077
"3051 E. New York St., Aurora, IL 60504",Aurora,DuPage County,IL,41.758191,-88.239255,17,17043
"5937 W Chicago Ave., Chicago, IL 60651",Chicago,Cook County,IL,41.894486,-87.773798,17,17031
"1319 N. Veterans Parkway, Bloomington, IL 61704",Bloomington,McLean County,IL,40.495925,-88.952277,17,17113
"302 E Stoughton, Champaign, IL 61820",Champaign,Champaign County,IL,40.11361,-88.235378,17,17019
"3021 N Oakland Ave, Decatur, IL 62526",Decatur,Macon County,IL,39.877257,-88.974287,17,17115
"6059 S. Ashland Ave., Chicago, IL 60636",Chicago,Cook County,IL,41.783251,-87.663936,17,17031
"19831 Governors Highway, Flossmoor, IL 60422",Flossmoor,Cook County,IL,41.529175,-87.697509,17,17031
"18 S. Michigan Avenue, Chicago, IL 60603",Chicago,Cook County,IL,41.88146,-87.624941,17,17031
"1200 N LaSalle Street, Chicago, IL 60610",Chicago,Cook County,IL,41.903877,-87.633011,17,17031
"612 Court Street, Ottawa, IL 61350",Ottawa,LaSalle County,IL,41.345879,-88.841992,17,17099
"2709 N Knoxville Ave, Peoria, IL 61604",Peoria,Peoria County,IL,40.720727,-89.594199,17,17143
"5725 North Broadway, Chicago, IL 60660",Chicago,Cook County,IL,41.986343,-87.659555,17,17031
"11250 S Halsted St., Chicago, IL 60628",Chicago,Cook County,IL,41.688862,-87.642655,17,17031
"601 N. Bruns, Springfield, IL 62702",Springfield,Sangamon County,IL,39.831699,-89.646507,17,17167
"1601 N Lewis, Waukegan, IL 60085",Waukegan,Lake County,IL,42.382769,-87.85457,17,17097
"421 S College Ave, Bloomington, IN, 47403",Bloomington,Monroe County,IN,39.162232,-86.534657,18,18105
"8590 Georgetown Road, Indianapolis IN 46268",Indianapolis,Marion County,IN,39.910191,-86.241689,18,18097
"964 Mezzanine Dr., Lafayette, IN 47905",Lafayette,Tippecanoe County,IN,40.404659,-86.833133,18,18157
"8645 Connecticut Street, Merrillville, IN 46410",Merrillville,Lake County,IN,41.460857,-87.333077,18,18089
"929 West Street #200, Annapolis, MD 21401",Annapolis,Anne Arundel County,MD,38.976222,-76.509191,24,24003
"330 North Howard Street, Baltimore, MD 21201",Baltimore,Baltimore city,MD,39.29376,-76.620075,24,24510
"170 Thomas Johnson Drive, Frederick, MD 21702",Frederick,Frederick County,MD,39.442177,-77.405859,24,24021
"1714 Joan Ave, Towson, MD 21234",Parkville,Baltimore County,MD,39.392866,-76.562419,24,24005
"8579 Commerce Drive #102, Easton, MD 21601",Easton,Talbot County,MD,38.784432,-76.082115,24,24041
"680 Broadway, Paterson, NJ 07505",Paterson,Passaic County,NJ,40.91813,-74.145066,34,34031
"560 Dr. Martin Luther King Blvd. Ste. 100, East Orange, NJ 07018",East Orange,Essex County,NJ,40.767615,-74.219063,34,34013
"70 Adams St, Suite 13, Newark, NJ 07105",Newark,Essex County,NJ,40.729986,-74.157844,34,34013
"29 N Fullerton Ave, Montclair, NJ 07042",Montclair,Essex County,NJ,40.814904,-74.21646,34,34013
"240 Mulberry Street Floor 1, Newark, NJ 07102",Newark,Essex County,NJ,40.730653,-74.17138,34,34013
"19650 Clubhouse Road #101, Gaithersburg, MD 20879",Montgomery Village,Montgomery County,MD,39.173598,-77.207023,24,24031
"1225 4th St. NE, Washington, DC 20002",Washington,District of Columbia,DC,38.906324,-77.000259,11,11001
"5001 Silver Hill Road, Suite #103, Suitland, MD 20746",Suitland,Prince George's County,MD,38.850637,-76.92162,24,24033
"3100 Professional Drive, Ann Arbor, MI, 48104",Ann Arbor,Washtenaw County,MI,42.25523,-83.699116,26,26161
"4229 Cass Ave., Detroit, MI, 48201",Detroit,Wayne County,MI,42.350749,-83.063795,26,26163
"23338 Woodward Ave., Ferndale, MI 48220",Ferndale,Oakland County,MI,42.465653,-83.137389,26,26125
"G-3371 Beecher Road, Flint, MI, 48532",Flint,Genesee County,MI,43.011127,-83.803045,26,26049
"425 Cherry St. SE, Grand Rapids, MI 49503",Grand Rapids,Kent County,MI,42.960015,-85.658048,26,26081
"4201 W. Michigan Ave, Kalamazoo, MI, 49006",Kalamazoo,Kalamazoo County,MI,42.277187,-85.640699,26,26077
"300 N. Clippert, Ste. 6, Lansing, MI 48912",Lansing,Ingham County,MI,42.735889,-84.508333,26,26065
"1219 N. Third St., Marquette, MI 49855",Marquette,Marquette County,MI,46.554802,-87.394983,26,26103
"1003 Spring St. Petoskey, MI 49770",Petoskey,Emmet County,MI,45.363884,-84.970462,26,26047
"1135 E. Eighth St., Traverse City, MI 49686",Traverse City,Grand Traverse County,MI,44.758934000000004,-85.593133,26,26055
"1500 Cannon, Helena, MT 59601",Helena,Lewis and Clark County,MT,46.602742,-112.057612,30,30049
"211 9th Street South, Great Falls, MT 59405",Great Falls,Cascade County,MT,47.502541,-111.291906,30,30013
"100 West Wicks Lane, Billings, MT 59105",Billings,Yellowstone County,MT,45.826786,-108.489118,30,30111
"1844 Broadwater #4, Billings, MT 59102",Billings,Yellowstone County,MT,45.776478,-108.563773,30,30111
"850 Orchard Street, Iowa City, IA 52246",Iowa City,Johnson County,IA,41.649302,-91.541039,19,19103
"90 Washington Street, Barre, VT 05641",Barre,Washington County,VT,44.195082,-72.496791,50,50023
"173 St. Paul Street, Burlington, VT 05401",Burlington,Chittenden County,VT,44.474121,-73.214777,50,50007
"8 Middle Street, Keene, NH 03431",Keene,Cheshire County,NH,42.934263,-72.281292,33,33005
"24 Pennacook Street, Manchester, NH 03104",Manchester,Hillsborough County,NH,43.001604,-71.46325,33,33011
"443 Congress Street, Portland, ME 04101",Portland,Cumberland County,ME,43.657964,-70.258719,23,23005
"79 South Main St, White River Junction, VT 05001",White River Junction,Windsor County,VT,43.64731,-72.318818,50,50027
"75 Talcott Road, Williston, VT 05495",Williston,Chittenden County,VT,44.447844,-73.104667,50,50007
"317 Broadway, Camden, NJ 08103",Camden,Camden County,NJ,39.94101,-75.119556,34,34007
"8008 Route 130N Delran, NJ 08075",Riverside,Burlington County,NJ,40.029586,-74.948936,34,34005
"1171 Elizabeth Avenue, Elizabeth, NJ 07201",Elizabeth,Union County,NJ,40.662215,-74.214268,34,34039
"46 N Van Brunt Street, Englewood, NJ 07631",Englewood,Bergen County,NJ,40.895152,-73.974386,34,34003
"349 Rt 31 South Countryside Plaza, Building B, Suite 503, Flemington, NJ 08822",Flemington,Hunterdon County,NJ,40.543106,-74.857446,34,34019
"800 W Main Street, Freehold, NJ 07728",Freehold,Monmouth County,NJ,40.23523,-74.311548,34,34025
"575 Main Street, Hackensack, NJ 07601",Hackensack,Bergen County,NJ,40.897256,-74.040337,34,34003
"2279 State Highway 33 Golden Crest Corporate Center - Suite 510, Hamilton Square, NJ 08690",Trenton,Mercer County,NJ,40.221039,-74.63748,34,34021
"196 Speedwell Ave., Morristown, NJ 07960",Morristown,Morris County,NJ,40.806233,-74.482597,34,34027
"10B Industrial Drive, New Brunswick, NJ 08901",New Brunswick,Middlesex County,NJ,40.47688,-74.483585,34,34023
"8 Moran Street, Newton, NJ 07860",Newton,Sussex County,NJ,41.059363,-74.749378,34,34037
"450 Market Street, Perth Amboy, NJ 08861",Perth Amboy,Middlesex County,NJ,40.511293,-74.282954,34,34023
"69 East Newman Springs Road PO Box 95, Shrewsbury, NJ 07702",Shrewsbury,Monmouth County,NJ,40.337647,-74.066565,34,34025
"437 East State Street, Trenton, NJ 08608",Trenton,Mercer County,NJ,40.220738,-74.755933,34,34021
"66 East Washington Avenue, Washington, NJ 07882",Washington,Warren County,NJ,40.759027,-74.977885,34,34041
"303 W Lincoln #105, Anaheim, CA 92805",Anaheim,Orange County,CA,33.835318,-117.918104,6,6059
"15403 Park Ave E., Victorville, CA 92392",Victorville,San Bernardino County,CA,34.506227,-117.326572,6,6071
"1520 Nutmeg Place Suite 101, Costa Mesa, CA 92626",Costa Mesa,Orange County,CA,33.682409,-117.920433,6,6059
"26137 La Paz Road #200, Mission Viejo, CA 92691",Mission Viejo,Orange County,CA,33.601116,-117.673822,6,6059
"700 S Tustin Street, Orange, CA 92866",Orange,Orange County,CA,33.776884,-117.836309,6,6059
"1873 S. Commercenter West, San Bernardino CA 92408",San Bernardino,San Bernardino County,CA,34.067827,-117.285586,6,6071
"1421 E. 17th Street, Santa Ana, CA 92705",Santa Ana,Orange County,CA,33.760411,-117.847851,6,6059
"918 W Foothill Blvd. #A, Upland, CA 91786",Upland,San Bernardino County,CA,34.106277,-117.663603,6,6071
"14372 Beach Blvd., Westminster, CA 92683",Westminster,Orange County,CA,33.753423,-117.989352,6,6059
"5978 Powers Avenue, Jacksonville, FL 32217",Jacksonville,Duval County,FL,30.262357,-81.621833,12,12031
"8177 Glades Rd., Bay 25, Boca Raton, FL 33434",Boca Raton,Palm Beach County,FL,26.369015,-80.172742,12,12099
"585 N.W. 161 St. Suites 200-300, Miami, FL 33169",Miami,Miami-Dade County,FL,25.922856,-80.209731,12,12086
"1378 Coral Way, 4th Fl, Miami, FL 33145",Miami,Miami-Dade County,FL,25.748406,-80.283279,12,12086
"8900 SW 117th Avenue Unit 207-B, Miami, FL 33186",Miami,Miami-Dade County,FL,25.685134,-80.384949,12,12086
"263 North University Drive, Pembroke Pines, FL 33024",Pembroke Pines,Broward County,FL,26.01139,-80.24806,12,12011
"2618 W Tennessee Street, Tallahassee, FL 32304",Tallahassee,Leon County,FL,30.452206,-84.334717,12,12073
"1696 SE Hillmoor Dr, Port Saint Lucie, FL 34952",Port Saint Lucie,St. Lucie County,FL,27.288227,-80.296976,12,12111
"10111 Forest Hill Blvd, Suite 340, Wellington, FL 33414",Wellington,Palm Beach County,FL,26.653072,-80.204329,12,12099
"4697 Main Street, Bridgeport, CT 06606",Bridgeport,Fairfield County,CT,41.223603,-73.21834,9,9001
"1229 Albany Avenue, Hartford, CT 06112",Hartford,Hartford County,CT,41.782261,-72.696993,9,9003
"319B Main Street, Manchester, CT 06040",Manchester,Hartford County,CT,41.782332,-72.522387,9,9003
"26 Women's Way, Meriden, CT 06451",Meriden,New Haven County,CT,41.542254,-72.799286,9,9009
"345 Whitney Avenue, New Haven, CT 06511",New Haven,New Haven County,CT,41.320009,-72.918158,9,9009
"12 Case Street, Norwich, CT 06360",Norwich,New London County,CT,41.55326,-72.104198,9,9011
"175 Broad Street, Providence, RI 02903",Providence,Providence County,RI,41.817137,-71.417622,44,44007
"35 Sixth Street, Stamford, CT 06902",Stamford,Fairfield County,CT,41.066838,-73.54373,9,9001
"969 W Main Street, Waterbury, CT 06708",Waterbury,New Haven County,CT,41.556523,-73.057379,9,9009
"1030 New Britain Ave, West Hartford, CT 06110",West Hartford,Hartford County,CT,41.730229,-72.724909,9,9003
"1548 W Main Street, Willimantic, CT 06226",Willimantic,Windham County,CT,41.719354,-72.236247,9,9015
"11500 University Blvd, Orlando, FL 32817",Orlando,Orange County,FL,28.597147,-81.220864,12,12095
"6418 Commerce Park Drive, Fort Myers, FL 33966",Fort Myers,Lee County,FL,26.548435,-81.848696,12,12071
"610 Oak Commons Blvd., Kissimmee, FL 34741",Kissimmee,Osceola County,FL,28.301341,-81.410636,12,12097
"236 E. Bearss Avenue, Tampa, FL 33613",Tampa,Hillsborough County,FL,28.08792,-82.46116,12,12057
"736 Central Avenue, Sarasota, FL 34236",Sarasota,Sarasota County,FL,27.342839,-82.54245,12,12115
"2314 Auburn Avenue, Cincinnati, OH 45219",Cincinnati,Hamilton County,OH,39.123779,-84.508,39,39061
"1532 Siskiyou Blvd., Ashland, OR 97520",Ashland,Jackson County,OR,42.183521,-122.688387,41,41029
"3579 Franklin Blvd, Eugene, OR 97403",Eugene,Lane County,OR,44.044716,-123.040842,41,41039
"160 NW Franklin Blvd., Grants Pass, OR 97526",Grants Pass,Josephine County,OR,42.457027,-123.324563,41,41033
"125 South Central, Medford, OR 97501",Medford,Jackson County,OR,42.325418,-122.870806,41,41029
"793 N. Danebo Avenue, Eugene, OR 97402",Eugene,Lane County,OR,44.069429,-123.177717,41,41039
"710 North Cherry St., Knoxville, TN 37914",Knoxville,Knox County,TN,35.989137,-83.896746,47,47093
"2430 Poplar Avenue, Memphis, TN 38112",Memphis,Shelby County,TN,35.139637,-89.979852,47,47157
"835 Virginia Run Cove, Memphis, TN 38122",Memphis,Shelby County,TN,35.15678,-89.882322,47,47157
"412 Dr. D.B. Todd, Jr. Blvd., Nashville, TN 37203",Nashville,Davidson County,TN,36.159007,-86.800652,47,47037
"3668 N. Harbor Lane, Boise, ID 83703",Boise,Ada County,ID,43.65306,-116.254986,16,16001
"723 NE Riddell Road, Suite A, Bremerton, WA 98310",Bremerton,Kitsap County,WA,47.606453,-122.637149,53,53035
"2001 E Madison, Seattle, WA 98122",Seattle,King County,WA,47.617518,-122.305161,53,53033
"1020 W Main Street, Centralia, WA 98531",Centralia,Lewis County,WA,46.718433,-122.966565,53,53041
"14730 NE 8th St., Bellevue, WA 98007",Bellevue,King County,WA,47.617765,-122.144217,53,53033
"1509 32nd St., Everett, WA 98201",Everett,Snohomish County,WA,47.975465,-122.209472,53,53061
"1105 S 348th Street #B103, Federal Way, WA 98003",Federal Way,King County,WA,47.288999,-122.319913,53,53033
"1229 Madison Street, Seattle, WA 98104",Seattle,King County,WA,47.610124,-122.321856,53,53033
"10056 SE 240th #A, Kent, WA 98031",Kent,King County,WA,47.387415,-122.205108,53,53033
"19505 76th Ave W. 200, Lynnwood, WA 98036",Lynnwood,Snohomish County,WA,47.822135,-122.335752,53,53061
"10210 State Ave., Marysville, WA 98271",Marysville,Snohomish County,WA,48.087805,-122.173374,53,53061
"2112 East Franklin Road, Meridian, ID 83642",Meridian,Ada County,ID,43.605244,-116.367871,16,16001
"402 Legion Way, Suite 201, Olympia, WA 98501",Olympia,Thurston County,WA,47.043609,-122.897517,53,53067
"426 East 8th Street, Port Angeles, WA 98362",Port Angeles,Clallam County,WA,48.11001,-123.432689,53,53009
"702-30th Ave SW, Puyallup, WA 98373",Puyallup,Pierce County,WA,47.162803,-122.301424,53,53053
"2505 Olympic Hwy N, #400, Shelton, WA 98584",Shelton,Mason County,WA,47.226172,-123.12491,53,53045
"1515 Martin Luther King Jr. Way, Tacoma , WA 98405",Tacoma,Pierce County,WA,47.247487,-122.450127,53,53053
"200 Second Ave N., Twin Falls, ID 83301",Twin Falls,Twin Falls County,ID,42.557294,-114.470383,16,16083
"9942 8th Avenue SW, Seattle, WA 98106",Seattle,King County,WA,47.514067,-122.344962,53,53033
"9 Miner Street, Canton, NY 13617",Canton,St. Lawrence County,NY,44.594873,-75.171047,36,36089
"66 Brinkerhoff Street, Plattsburgh, NY 12901",Plattsburgh,Clinton County,NY,44.696976,-73.457122,36,36019
"41 St. Bernard St., Saranac Lake, NY 12983",Saranac Lake,Franklin County,NY,44.325383,-74.130207,36,36033
"160 Stone Street, Watertown, NY 13601",Watertown,Jefferson County,NY,43.974406,-75.913274,36,36045
"1463 South 4th Street, El Centro, CA 92243",El Centro,Imperial County,CA,32.780314,-115.552308,6,6025
"1295 Broadway #201, Chula Vista, CA 91911",Chula Vista,San Diego County,CA,32.603893,-117.07795,6,6073
"49-111 California 111 #6A, Coachella, CA 92236",Coachella,Riverside County,CA,33.669893,-116.165105,6,6065
"4575 College Ave, San Diego, CA 92115",San Diego,San Diego County,CA,32.760332,-117.066602,6,6073
"2079 Compton Avenue Suite #104, Corona, CA 92881",Corona,Riverside County,CA,33.848691,-117.535747,6,6065
"1685 E. Main St. #301, El Cajon, CA 92021",El Cajon,San Diego County,CA,32.811094,-116.918806,6,6073
"347 W. Mission Ave, Escondido, CA 92025",Escondido,San Diego County,CA,33.1288,-117.089846,6,6073
"220 Euclid Ave, Suite 30, San Diego, CA 92114",San Diego,San Diego County,CA,32.70605,-117.086035,6,6073
"2017 First Ave, San Diego, CA 92101",San Diego,San Diego County,CA,32.726463,-117.16362,6,6073
"7526 Clairemont Mesa Blvd, San Diego, CA 92111",San Diego,San Diego County,CA,32.833368,-117.157204,6,6073
"10737 Camino Ruiz #258, San Diego, CA 92126",San Diego,San Diego County,CA,32.913973,-117.142783,6,6073
"4501 Mission Bay Drive, San Diego, CA 92109",San Diego,San Diego County,CA,32.803396,-117.216335,6,6073
"12900 Frederick Street, Suite C, Moreno Valley, CA 92553",Moreno Valley,Riverside County,CA,33.933255,-117.261398,6,6065
"71777 San Jacinto Drive, Suite 202, Rancho Mirage, CA 92270",Rancho Mirage,Riverside County,CA,33.743756,-116.412762,6,6065
"3772 Tibbetts, Riverside, CA 92506",Riverside,Riverside County,CA,33.947088,-117.399248,6,6065
"1964 Via Centre, Vista, CA 92081",Vista,San Diego County,CA,33.183789,-117.283799,6,6073
"701 San Mateo NE, Albuquerque, NM 87108",Albuquerque,Bernalillo County,NM,35.083813,-106.586612,35,35001
"730 St. Michael's Drive, Suite 4B, Santa Fe, NM 87505",Santa Fe,Santa Fe County,NM,35.656638,-105.946155,35,35049
"1560 12th Street #7, Alamosa, CO 81101",Alamosa,Alamosa County,CO,37.460398,-105.877736,8,8003
"1284 S. Abilene St, Aurora, CO 80012",Aurora,Arapahoe County,CO,39.693552,-104.826914,8,8005
"2525 Arapahoe Ave, Suite C-200, Boulder, CO 80302",Boulder,Boulder County,CO,40.015267,-105.262598,8,8013
"3480 Centennial Blvd., Colorado Springs, CO 80907",Colorado Springs,El Paso County,CO,38.880803,-104.849058,8,8041
"20 West North Street Cortez, CO 81321",Cortez,Montezuma County,CO,37.349898,-108.586236,8,8083
"46 Suttle St., Durango, CO 81303",Durango,La Plata County,CO,37.24696,-107.876103,8,8067
"825 South Shields St, Suites 4 - 7, Fort Collins, CO 80521",Fort Collins,Larimer County,CO,40.575361,-105.096655,8,8069
"50923 Highway 6 & 24, Glenwood Springs, CO 81601",Glenwood Springs,Garfield County,CO,39.562022,-107.365347,8,8045
"3487B W 10th Street, Greeley, CO 80634",Greeley,Weld County,CO,40.42301,-104.734986,8,8123
"3300 E Flamingo Rd #25, Las Vegas, NV 89121",Las Vegas,Clark County,NV,36.116776,-115.102976,32,32003
"3220 W Charleston Blvd., Las Vegas, NV 89102",Las Vegas,Clark County,NV,36.159422,-115.185961,32,32003
"131 W County Line Rd, Littleton, CO 80129",Highlands Ranch,Arapahoe County,CO,39.567559,-104.989058,8,8005
"7155 E 38th Ave, Denver, CO 80207",Denver,Denver County,CO,39.770188,-104.905064,8,8031
"111 11th Street Unit 102, Steamboat Springs, CO 80487",Silverthorne,Routt County,CO,40.488334,-106.837817,8,8107
"317 Salem Place, Fairview Heights, IL 62208",Fairview Heights,St. Clair County,IL,38.600246,-89.981761,17,17163
"4251 Forest Park Avenue, St. Louis, MO 63108",Saint Louis,St. Louis city,MO,38.637145,-90.251207,29,29510
"933 Liberty Avenue, Pittsburgh, PA 15222",Pittsburgh,Allegheny County,PA,40.443508,-79.996853,42,42003
"3706 Orin Road, Madison, WI 53704",Madison,Dane County,WI,43.123406,-89.324019,55,55025
"435 S. Water Street, Milwaukee, WI 53204",Milwaukee,Milwaukee County,WI,43.026361,-87.90625,55,55079
"909 South Taylor Drive, Sheboygan, WI 53081",Sheboygan,Sheboygan County,WI,43.745195,-87.742679,55,55117
"330 S. Garfield Ave. 3rd Floor, Suite 300, Alhambra, CA 91801",Alhambra,Los Angeles County,CA,34.091564,-118.123858,6,6037
"4070 Sterling Way, Baldwin Park, CA 91706",Baldwin Park,Los Angeles County,CA,34.084808,-117.961964,6,6037
"130 W Route 66, Glendora, CA 91740",Glendora,Los Angeles County,CA,34.128229,-117.864973,6,6037
"1045 N. Lake Ave, Pasadena, CA 91104",Pasadena,Los Angeles County,CA,34.16396,-118.132931,6,6037
"68 McDowell St, Asheville, NC 28801",Asheville,Buncombe County,NC,35.582206,-82.553838,37,37021
"1765 Dobbins Drive, Chapel Hill, NC 27514",Chapel Hill,Orange County,NC,35.944745,-79.01404,37,37135
"1312 Ashley River Rd., Charleston, SC 29407",Charleston,Charleston County,SC,32.797991,-79.999172,45,45019
"700 South Torrence Street, Charlotte, NC 28204",Charlotte,Mecklenburg County,NC,35.208759,-80.835213,37,37119
"2964 Hydraulic Road, Charlottesville, VA 22901",Charlottesville,Albemarle County,VA,38.081343,-78.492125,51,51003
"2712 Middleburg Drive, Suite 107, Columbia, SC 29204",Columbia,Richland County,SC,34.01539,-81.00468,45,45079
"4551 Yadkin Rd, Fayetteville, NC, 28303",Fayetteville,Cumberland County,NC,35.079215,-78.959445,37,37051
"2207 Peters Creek Road, Roanoke, VA 24017",Roanoke,Roanoke city,VA,37.311753,-80.005975,51,51770
"1925 Tradd Court, Wilmington, NC 28401",Wilmington,New Hanover County,NC,34.209029,-77.927377,37,37129
"3000 Maplewood Ave, Ste. 112, Winston-Salem, NC, 27103",Winston Salem,Forsyth County,NC,36.079883,-80.293182,37,37067
"2140 Babcock Rd, San Antonio, TX 78229",San Antonio,Bexar County,TX,29.502688,-98.58238,48,48029
"920 San Pedro Ave. Suite 150, San Antonio, TX 78212",San Antonio,Bexar County,TX,29.442416,-98.498862,48,48029
"220 Cobb Parkway North, Suite 500, Marietta, GA 30062",Marietta,Cobb County,GA,33.955737,-84.522498,13,13067
"440 Moreland Avenue SE, Atlanta, GA 30316",Atlanta,DeKalb County,GA,33.742113,-84.34883,13,13089
"798 Lawrenceville Suwannee Road, Suite 300, Lawrenceville, GA 30043",Lawrenceville,Gwinnett County,GA,33.966275,-84.024272,13,13135
"720 East 71st St, Savannah, GA 31405",Savannah,Chatham County,GA,32.026794,-81.096386,13,13051
"1144 Locust Street, Philadelphia, PA 19107",Philadelphia,Philadelphia County,PA,39.947466,-75.160676,42,42101
"1221 Powell Street, Norristown, PA 19401",Norristown,Montgomery County,PA,40.12351,-75.337372,42,42091
"8 S Wayne Street, West Chester, PA 19382",West Chester,Chester County,PA,39.956743,-75.610309,42,42029
"2751 Comly Road, Philadelphia, PA 19154",Philadelphia,Philadelphia County,PA,40.104323,-75.000991,42,42101
"160 West Washington Street Suite 100, Hagerstown, MD 21740",Hagerstown,Washington County,MD,39.64376,-77.723446,24,24043
"5602 Baltimore National Pike, Suite 600, Baltimore, MD 21228",Catonsville,Baltimore County,MD,39.289786,-76.726622,24,24005
"Jackson Place N, 966 Hungerford Drive, Suite 24, Rockville, MD, 20850",Rockville,Montgomery County,MD,39.089557,-77.184127,24,24031
"100 Northpoint Pkwy., West Palm Beach, FL 33407",West Palm Beach,Palm Beach County,FL,26.7604,-80.099324,12,12099
"12000 Shaker Boulevard, Cleveland, OH 44120",Cleveland,Cuyahoga County,OH,41.483605,-81.599023,39,39035
"1180 Beacon Street, Suite 5B, Brookline, MA 02446",Brookline,Norfolk County,MA,42.344294,-71.114765,25,25021
"99 North La Cienega Blvd, Beverly Hills, CA 90211",Beverly Hills,Los Angeles County,CA,34.067381,-118.376628,6,6037
"14 DeKalb Ave, 2nd Floor, Brooklyn, NY 11201",Brooklyn,Kings County,NY,40.689857,-73.982219,36,36047
"512 First Avenue North, Fargo, ND 58102",Fargo,Cass County,ND,46.876684,-96.786878,38,38017
"811 South Perry Street, Montgomery, AL 36104",Montgomery,Montgomery County,AL,32.366135,-86.306718,1,1101
"118 N Boulevard, Richmond, VA 23220",Richmond,Richmond city,VA,37.554103,-77.4751,51,51760
"1119 2nd Street SW, Roanoke, VA 24016",Roanoke,Roanoke city,VA,37.262694,-79.944398,51,51770
"3819 West Broadway, Minneapolis, MN 55422",Minneapolis,Hennepin County,MN,45.02487,-93.332695,27,27053
"78-13 Roosevelt Avenue, Jackson Heights, NY 11372",Jackson Heights,Queens County,NY,40.747425,-73.887097,36,36081
"9540 Addison Avenue, Franklin Park, IL 60131",Franklin Park,Cook County,IL,41.944288,-87.865153,17,17031
"3131 La Canada Street, Las Vegas, NV 89169",Las Vegas,Clark County,NV,36.132664,-115.133116,32,32003
"1 Daniel Burnham Court, Suite 230C , San Francisco, CA 94109",San Francisco,San Francisco County,CA,37.786755,-122.422491,6,6075
"3838 California Street, Suite 412, San Francisco , CA 94118",San Francisco,San Francisco County,CA,37.786186,-122.457598,6,6075
"120 East 34th Street, Savannah, GA 31401",Savannah,Chatham County,GA,32.059442,-81.097293,13,13051
"19305 West 7 Mile Rd, Detroit, MI, 48219",Detroit,Wayne County,MI,42.429473,-83.232365,26,26163
"2638 East Florence Avenue, Huntington Park, CA 90255",Huntington Park,Los Angeles County,CA,33.973878,-118.224018,6,6037
"1111 Spring Street, Suite G2, Silver Spring, MD 20910",Silver Spring,Montgomery County,MD,39.000321,-77.028808,24,24031
"1222 South Glendale Avenue #3, Glendale, CA 91205",Glendale,Los Angeles County,CA,34.131796,-118.251803,6,6037
"1687 Erringer Road Suite 211B, Simi Valley, CA 93065",Simi Valley,Ventura County,CA,34.268759,-118.762342,6,6111
"1000 South Avenue, Rochester, NY 14620",Rochester,Monroe County,NY,43.129862,-77.618523,36,36055
"106 Valley Street, South Orange, NJ 07079-2886",South Orange,Essex County,NJ,40.743877,-74.259943,34,34013
"522 Lomas Blvd. NE, Albuquerque, NM 87102",Albuquerque,Bernalillo County,NM,35.089473,-106.639093,35,35001
"8616 Greenville Ave, Ste 101, Dallas, TX 75243",Dallas,Dallas County,TX,32.894654,-96.75178,48,48113
"375 Seguine Ave, Staten Island, NY 10309",Staten Island,Richmond County,NY,40.516544,-74.196713,36,36085
"3209 N California St, Stockton, CA 95204",Stockton,San Joaquin County,CA,37.980942,-121.293676,6,6077
"33 Walt Whitman Rd, Suite 228, Huntington, NY 11746",Huntington Station,Suffolk County,NY,40.83,-73.411728,36,36103
"498 Route 111, Smithtown, NY 11787",Smithtown,Suffolk County,NY,40.831334,-73.197754,36,36103
"1874 Piedmont Ave NE, Suite 500-E, Atlanta, GA 30324",Atlanta,Fulton County,GA,33.807564,-84.366614,13,13121
"15801 W. McNichols Rd, Detroit, MI, 48235",Detroit,Wayne County,MI,42.416056,-83.202134,26,26163
"17070 Red Oak Dr., Ste. 509, Houston, TX 77090",Houston,Harris County,TX,30.019218,-95.444676,48,48201
"3101 Richmond Ave., #250, Houston, TX 77098",Houston,Harris County,TX,29.733334,-95.424668,48,48201
"1580 Valencia St. Suite 508, San Francisco, CA 94110",San Francisco,San Francisco County,CA,37.747488,-122.42063,6,6075
"2550 Sweet Home Road, Amherst, NY 14228",Buffalo,Erie County,NY,43.02842,-78.79974,36,36029
"1 Foxhall Avenue, Kingston, NY 12401",Kingston,Ulster County,NY,41.926294,-73.99445,36,36111
"16 East 16th Street, New York, NY 10003",New York,New York County,NY,40.736841,-73.991741,36,36061
"1 Main St., Suite N1, Hartford, CT 06106",Hartford,Hartford County,CT,41.755536,-72.676582,9,9003
"3250 South Dixie Hwy. (U.S. 1), Miami, FL 33133",Miami,Miami-Dade County,FL,25.736337,-80.247121,12,12086
"5525 Etiwanda Ave., #216, Tarzana, CA 91356",Tarzana,Los Angeles County,CA,34.170477,-118.530937,6,6037
"1240 S.W. 44th St., Oklahoma City, OK 73109",Oklahoma City,Oklahoma County,OK,35.420464,-97.538811,40,40109
"5107 E. Kellogg Ave., Wichita, KS 67218",Wichita,Sedgwick County,KS,37.678841,-97.276743,20,20173
"800 Washington Street, Boston, MA 02111",Boston,Suffolk County,MA,42.349643,-71.063515,25,25025
"6136 East 32nd Place, Tulsa, OK 74135",Tulsa,Tulsa County,OK,36.11623,-95.90638,40,40143
"33 Kendall Street, Worcester, MA 01605",Worcester,Worcester County,MA,42.273953,-71.793274,25,25027
"101 Manning Drive, Chapel Hill, NC, 27514",Chapel Hill,Orange County,NC,35.904575,-79.051356,37,37135
"UW Medical Center-Roosevelt II, 4th Floor, Women's Health Center, 4245 Roosevelt Way N.E., Seattle, WA 98105",Seattle,King County,WA,47.659861,-122.284977,53,53033
"855 Central Ave., Albany, NY 12206",Albany,Albany County,NY,42.680831,-73.788559,36,36001
"804 Columbia Street, Hudson, NY 12534",Hudson,Columbia County,NY,42.247415,-73.779653,36,36021
"200 Broadway, Troy, NY 12180",Troy,Rensselaer County,NY,42.731612,-73.691133,36,36083
"403 Yale Drive, Hampton, VA 23666",Hampton,Hampton city,VA,37.030712,-76.423657,51,51650
"201 N Hamilton Street, Richmond, VA 23221",Richmond,Richmond city,VA,37.559564,-77.490408,51,51760
"515 Newtown Road, Virginia Beach, VA 23462",Virginia Beach,Norfolk city,VA,36.857184,-76.177482,51,51710
"715 E. 3900 S. #203, Salt Lake City, UT 84109",Salt Lake City,Salt Lake County,UT,40.687635,-111.871001,49,49035
"2112 F Street, N.W. Suite 400, Washington, DC 20037",Washington,District of Columbia,DC,38.897096,-77.047179,11,11001
"32 East 1st Street, Duluth, MN 55802",Duluth,St. Louis County,MN,46.788273,-92.097913,27,27137
"535 Jack Warner Pkwy, Suite 1, Tuscaloosa, AL 35404",Tuscaloosa,Tuscaloosa County,AL,33.218324,-87.529684,1,1125
"5915 Tyrone Rd, Reno, NV 89502",Reno,Washoe County,NV,39.472454,-119.774807,32,32031
"22110 Roscoe Blvd, #104, Canoga Park, CA 91304",West Hills,Los Angeles County,CA,34.21937,-118.608537,6,6037
"2839 Duke Street, Alexandria, VA 22314",Alexandria,Alexandria city,VA,38.807663,-77.079152,51,51510
"2321 Commonwealth Drive, Charlottesville, VA 22901",Charlottesville,Albemarle County,VA,38.073678,-78.487781,51,51003
"4100 Duval Rd., Bldg. 2, Suite 201, Austin, TX 78759",Austin,Travis County,TX,30.412287,-97.728587,48,48453
"3256 Lackland Rd., Fort Worth, TX, 76116",Fort Worth,Tarrant County,TX,32.725165,-97.435452,48,48439
"802 South Main St., McAllen, TX, 78501",McAllen,Hidalgo County,TX,26.196609,-98.236028,48,48215
"8053 E Bloomington Fwy #450, Bloomington, MN 55420",Minneapolis,Hennepin County,MN,44.857291,-93.296809,27,27053
"7648 Belair Road, Nottingham, Baltimore, MD 21236",Nottingham,Baltimore County,MD,39.367227,-76.52069,24,24005
"3511 Lincoln Way W, South Bend, IN 46628",South Bend,St. Joseph County,IN,41.692728,-86.298091,18,18141
"51 Fifth Ave, Arcadia, CA 91006",Arcadia,Los Angeles County,CA,34.141328,-118.021052,6,6037
"1560 S Highland Ave, Clearwater, FL 33756",Clearwater,Pinellas County,FL,27.939551,-82.775311,12,12103
"3401 66th St N, St. Petersburg, FL 33710",Saint Petersburg,Pinellas County,FL,27.803432,-82.728179,12,12103
"2010 E Fletcher Ave, Tampa, FL 33612",Tampa,Hillsborough County,FL,28.069576,-82.435621,12,12057
"16876 NE 19th Avenue, North Miami Beach, FL 33162",North Miami Beach,Miami-Dade County,FL,25.931196,-80.162494,12,12086
"2 Dudley Street, 5th Floor, Providence, RI 02905",Providence,Providence County,RI,41.810372,-71.407904,44,44007
"4801 West Peterson Ave., Suite 609, Chicago, IL 60646",Chicago,Cook County,IL,41.989231,-87.748782,17,17031
"18051 Crenshaw Blvd, Suite #C, Torrance, CA 90504",Torrance,Los Angeles County,CA,33.866461,-118.326738,6,6037
"15650 East Eight Mile Road, Detroit, MI 48205",Detroit,Wayne County,MI,42.449734,-82.960103,26,26163
"11474 East 15 Mile Road, Sterling Heights, MI 48312",Sterling Heights,Macomb County,MI,42.551223,-83.010571,26,26099
"6765 Orchard Lake Road, West Bloomfield, MI 48322",West Bloomfield,Oakland County,MI,42.538785,-83.35981,26,26125
"200 Motor Parkway, Suite 23D, Hauppague, NY 11788",Hauppauge,Suffolk County,NY,40.807791,-73.254869,36,36103
"10 Zabriskie Street, Hackensack, NJ 07601",Hackensack,Bergen County,NJ,40.907978,-74.041316,34,34003
"6721 Avenue U, Corner E. 68th Street, Brooklyn, NY 11234",Brooklyn,Kings County,NY,40.618372,-73.910059,36,36047
"37-54 75th St, Jackson Heights, NY 11372",Jackson Heights,Queens County,NY,40.747555,-73.890773,36,36081
"1735 Mission Street, San Francisco, CA 94103",San Francisco,San Francisco County,CA,37.769443,-122.419841,6,6075
"555 E. Broadway, Suite 108, Jackson, WY 83002",Jackson,Teton County,WY,43.480305,-110.751078,56,56039
"2701 General Pershing St, New Orleans, LA 70115",New Orleans,Orleans Parish,LA,29.937447,-90.101787,22,22071
"G-3422 Flushing Road, Diplomat Plaza, Flint, MI, 48504",Flint,Genesee County,MI,43.054791,-83.743784,26,26049
"3141 S. Cabaret Trail, Suite #100, Saginaw, MI, 48603",Saginaw,Saginaw County,MI,43.462715,-83.977321,26,26145
"510 Washington St West, Charleston, WV 25302",Charleston,Kanawha County,WV,38.363968,-81.642657,54,54039
"824 Franklin Park Drive, East Syracuse, NY 13057",East Syracuse,Onondaga County,NY,43.076714,-76.065944,36,36067
"111 Harvard St, Brookline, MA 02446",Brookline,Norfolk County,MA,42.336798,-71.121059,25,25021
"1469 Humboldt Road, Suite 200, Chico, CA 95928",Chico,Butte County,CA,39.73511,-121.815553,6,6007
"984 Plaza Drive, Grass Valley, CA 95945",Grass Valley,Nevada County,CA,39.23321,-121.034034,6,6057
"1901 Victor Avenue, Redding, CA 96002",Redding,Shasta County,CA,40.578569,-122.338298,6,6089
"1401 E. Stroop Road, Dayton, OH 45429",Dayton,Montgomery County,OH,39.689192,-84.141186,39,39113
"1201 N. Arlington Ave, Indianapolis, IN 46219",Indianapolis,Marion County,IN,39.784347,-86.063676,18,18097
"112 S. Munn Ave, East Orange, NJ 07018",East Orange,Essex County,NJ,40.751823,-74.213706,34,34013
"2284 East Maple Ave, El Segundo, CA 90245",El Segundo,Los Angeles County,CA,33.926848,-118.406401,6,6037
"12304 Santa Monica Blvd, Suite 208, Los Angeles, CA 90025",Los Angeles,Los Angeles County,CA,34.039247,-118.465845,6,6037
"8200 Wednesbury Lane, Ste 230, Houston, TX 77074",Houston,Harris County,TX,29.689204,-95.526794,48,48201
"40 Temple Street, 3rd Floor, Suite 3C, New Haven, CT 06519",New Haven,New Haven County,CT,41.303833,-72.929434,9,9009
"6721 Karl Road, Columbus, OH 43229",Columbus,Franklin County,OH,40.104172,-82.975673,39,39049
"1001 Potrero Ave, Building 5, Ward 6G, San Francisco, CA 94110",San Francisco,San Francisco County,CA,37.755383,-122.40539,6,6075
"210 South St. Ste. 4, Bennington, VT 05201",Bennington,Bennington County,VT,42.8746,-73.18505,50,50003
"11 Burnham Avenue, Rutland, VT 05701",Rutland,Rutland County,VT,43.612706,-72.974,50,50021
